INSERT INTO MenuItem (MenuItemID, MenuItemName, MenuItemCategory, MenuItemSize, MenuItemPrice)
VALUES
    ('MI101',  'Margherita - Regular ',  'Pizza',  'Regular', 13)
    , ('MI102',  'Margherita - Large',  'Pizza',  'Large', 15)
    , ('MI103',  'Diavola - Regular',  'Pizza',  'Regular', 16)
    , ('MI104',  'Diavola -Large',  'Pizza',  'Large', 19)
    , ('MI105',  'Parmigiana - Regular',  'Pizza',  'Regular', 15)
    , ('MI106',  'Parmigiana - Large',  'Pizza',  'Large', 18)
    , ('MI107',  'Quattro Formaggi - Regular',  'Pizza',  'Regular', 16)
    , ('MI108',  'Quattro Formaggi - Large',  'Pizza',  'Large', 19)
    , ('MI109',  'Pepperoni - Regular',  'Pizza',  'Regular', 15)
    , ('MI110',  'Pepperoni - Large',  'Pizza',  'Large', 17)
    , ('MI111',  'Seafood - Regular',  'Pizza',  'Regular', 17)
    , ('MI112',  'Seafood - Large',  'Pizza',  'Large', 20)
    , ('MI113',  'Hawaiian - Regular',  'Pizza',  'Regular', 15)
    , ('MI114',  'Hawaiian - Large',  'Pizza',  'Large', 17)
    , ('MI201',  'Garlic Bread - Regular',  'Side',  'Regular', 6)
    , ('MI202',  'Caesar Salad - Regular',  'Side',  'Regular', 7)
    , ('MI203',  'Chicken Wings - Regular',  'Side',  'Regular', 7)
    , ('MI301',  'Coca Cola - Regular',  'Beverage',  '33cl', 3)
    , ('MI302',  'Coca Cola - Large',  'Beverage',  '1.5l', 6)
    , ('MI303',  'Diet Coke - Regular',  'Beverage',  '33cl', 3)
    , ('MI304',  'Diet Coke - Large',  'Beverage',  '1.5l', 6)
    , ('MI305',  '7 Up - Regular',  'Beverage',  '33cl', 3)
    , ('MI306',  '7 Up - Large',  'Beverage',  '1.5l', 6)
;


INSERT INTO Ingredient (IngredientID, IngredientName, IngredientWeight, PurchasedPrice, StockQuantity)
VALUES
    ('IN001', 'Pizza Dough Ball (8 pack)', 2000, 4.22, 200)
    , ('IN002', 'Tomato Sauce', 4500, 3.89, 200)
    , ('IN003', 'Mozzarella Cheese', 2500, 14.45, 200)
    , ('IN004', 'Dried Oregano', 500, 5.99, 50)
    , ('IN005', 'Spicy Salami', 3500, 37.64, 50)
    , ('IN006', 'Chilli Pepper', 1000, 6.49, 50)
    , ('IN007', 'Eggplant', 1000, 1.9, 50)
    , ('IN008', 'Parmesan Cheese', 2500, 18.75, 100)
    , ('IN009', 'Gorgonzola Cheese', 3500, 27.64, 100)
    , ('IN010', 'Ricotta Cheese', 1500, 3.99, 100)
    , ('IN011', 'Pepperoni', 2500, 24.18, 100)
    , ('IN012', 'Shrimp', 1000, 8.98, 50)
    , ('IN013', 'Tuna', 2000, 7.66, 50)
    , ('IN014', 'Calamari', 2500, 28.77, 50)
    , ('IN015', 'Ham', 5000, 32.45, 50)
    , ('IN016', 'Pineapple', 5000, 6.23, 50)
    , ('IN017', 'Ciabatta dough (20 pack)', 7000, 22.34, 100)
    , ('IN018', 'Garlic and Parsley Butter', 3000, 52.1, 20)
    , ('IN019', 'Croutons', 1250, 5.25, 50)
    , ('IN020', 'Romain Lettuce', 7500, 13.72, 50)
    , ('IN021', 'Caesar Dressing', 3800, 17.89, 50)
    , ('IN022', 'Chicken Wings', 6000, 69.83, 100)
    , ('IN023', 'Franks RedHot Buffalo Wings Sauce', 3500, 63.52, 10)
    , ('IN024', 'Coca Cola - Regular', 330, 1.45, 200)
    , ('IN025', 'Coca Cola - Large', 1500, 4.25, 200)
    , ('IN026', 'Diet Coke - Regular', 330, 1.45, 200)
    , ('IN027', 'Diet Coke - Large', 1500, 4.25, 200)
    , ('IN028', '7 Up - Regular', 330, 1.45, 200)
    , ('IN029', '7 Up - Large', 1500, 4.25, 200)
;


INSERT INTO Recipe (MenuItemID, IngredientID, RecipeQuantity)
VALUES
    ('MI101', 'IN001', 250)
    , ('MI101', 'IN002', 80)
    , ('MI101', 'IN003', 170)
    , ('MI101', 'IN004', 5)
    , ('MI102', 'IN001', 300)
    , ('MI102', 'IN002', 100)
    , ('MI102', 'IN003', 200)
    , ('MI102', 'IN004', 8)
    , ('MI103', 'IN001', 250)
    , ('MI103', 'IN002', 80)
    , ('MI103', 'IN003', 170)
    , ('MI103', 'IN005', 50)
    , ('MI103', 'IN006', 10)
    , ('MI104', 'IN001', 300)
    , ('MI104', 'IN002', 100)
    , ('MI104', 'IN003', 200)
    , ('MI104', 'IN005', 70)
    , ('MI104', 'IN006', 15)
    , ('MI105', 'IN001', 250)
    , ('MI105', 'IN002', 80)
    , ('MI105', 'IN003', 170)
    , ('MI105', 'IN007', 120)
    , ('MI105', 'IN008', 170)
    , ('MI106', 'IN001', 300)
    , ('MI106', 'IN002', 100)
    , ('MI106', 'IN003', 200)
    , ('MI106', 'IN007', 150)
    , ('MI106', 'IN008', 200)
    , ('MI107', 'IN001', 250)
    , ('MI107', 'IN002', 80)
    , ('MI107', 'IN003', 170)
    , ('MI107', 'IN008', 150)
    , ('MI107', 'IN009', 150)
    , ('MI107', 'IN010', 150)
    , ('MI108', 'IN001', 300)
    , ('MI108', 'IN002', 100)
    , ('MI108', 'IN003', 200)
    , ('MI108', 'IN008', 180)
    , ('MI108', 'IN009', 180)
    , ('MI108', 'IN010', 180)
    , ('MI109', 'IN001', 250)
    , ('MI109', 'IN002', 80)
    , ('MI109', 'IN003', 170)
    , ('MI109', 'IN011', 170)
    , ('MI110', 'IN001', 300)
    , ('MI110', 'IN002', 100)
    , ('MI110', 'IN003', 200)
    , ('MI110', 'IN011', 200)
    , ('MI111', 'IN001', 250)
    , ('MI111', 'IN002', 80)
    , ('MI111', 'IN003', 170)
    , ('MI111', 'IN012', 120)
    , ('MI111', 'IN013', 100)
    , ('MI111', 'IN014', 50)
    , ('MI112', 'IN001', 300)
    , ('MI112', 'IN002', 100)
    , ('MI112', 'IN003', 200)
    , ('MI112', 'IN012', 150)
    , ('MI112', 'IN013', 120)
    , ('MI112', 'IN014', 80)
    , ('MI113', 'IN001', 250)
    , ('MI113', 'IN002', 80)
    , ('MI113', 'IN003', 170)
    , ('MI113', 'IN015', 150)
    , ('MI113', 'IN016', 200)
    , ('MI114', 'IN001', 300)
    , ('MI114', 'IN002', 100)
    , ('MI114', 'IN003', 200)
    , ('MI114', 'IN015', 200)
    , ('MI114', 'IN016', 240)
    , ('MI201', 'IN017', 350)
    , ('MI201', 'IN018', 60)
    , ('MI202', 'IN008', 50)
    , ('MI202', 'IN019', 150)
    , ('MI202', 'IN020', 400)
    , ('MI202', 'IN021', 150)
    , ('MI203', 'IN022', 500)
    , ('MI203', 'IN023', 150)
    , ('MI301', 'IN024', 330)
    , ('MI302', 'IN025', 1500)
    , ('MI303', 'IN026', 330)
    , ('MI304', 'IN027', 1500)
    , ('MI305', 'IN028', 330)
    , ('MI306', 'IN029', 1500)
;


SET IDENTITY_INSERT Customer ON;

INSERT INTO Customer (CustomerID, CustomerFirstName, CustomerLastName, CustomerBirthDate, CustomerGender, CustomerPhoneNumber)
VALUES
    ('1', 'Saloma', 'Boodell', '1997/11/27', 'F', '554-409-6836')
    , ('2', 'Barnebas', 'Perott', '2010/05/27', 'M', '398-554-8830')
    , ('3', 'Diann', 'Disdel', '1999/09/18', 'F', '743-769-2462')
    , ('4', 'Tracey', 'Walden', '1979/11/24', 'F', '648-675-1666')
    , ('5', 'Annis', 'Champley', '1980/09/28', 'F', '886-791-8618')
    , ('6', 'Jessamyn', 'Blackway', '2002/08/04', 'F', '231-735-0650')
    , ('7', 'Denys', 'McKiddin', '1997/11/02', 'F', '996-600-3305')
    , ('8', 'Queenie', 'Velten', '1994/09/22', 'F', '711-864-2602')
    , ('9', 'Valeda', 'Elsmore', '2009/08/23', 'F', '161-736-8649')
    , ('10', 'Corbet', 'Birkmyre', '2009/10/04', 'M', '502-539-3160')
    , ('11', 'Abeu', 'Dooler', '1990/02/26', 'M', '661-403-0304')
    , ('12', 'Kevin', 'Dooney', '1979/03/20', 'M', '941-989-3030')
    , ('13', 'Brit', 'Wilfinger', '1978/09/22', 'M', '117-392-7723')
    , ('14', 'Tobie', 'Paddefield', '1990/02/16', 'M', '732-975-9526')
    , ('15', 'Johnnie', 'McWhinnie', '1980/09/28', 'M', '720-839-2407')
    , ('16', 'Arman', 'Ffoulkes', '2007/03/26', 'M', '504-163-0964')
    , ('17', 'Dorian', 'MacCahey', '2005/11/27', 'M', '851-583-2296')
    , ('18', 'Joseito', 'OFihillie', '2002/12/31', 'M', '288-220-8192')
    , ('19', 'Wernher', 'Azemar', '1985/04/14', 'M', '593-328-3944')
    , ('20', 'Jard', 'Pothbury', '2005/10/30', 'M', '212-514-6965')
    , ('21', 'Garvey', 'Speaks', '1989/10/01', 'M', '248-518-8625')
    , ('22', 'Frederica', 'Chiommienti', '1972/03/17', 'F', '339-828-5803')
    , ('23', 'Sidonia', 'McLorinan', '2007/03/21', 'F', '514-758-5045')
    , ('24', 'Eba', 'Midner', '1981/08/21', 'F', '672-987-6928')
    , ('25', 'Ronda', 'Haylock', '1985/05/27', 'F', '593-354-4902')
    , ('26', 'Edin', 'Lowndesbrough', '1992/11/05', 'F', '712-382-9800')
    , ('27', 'Alejoa', 'Tuer', '2005/11/23', 'M', '717-741-0444')
    , ('28', 'Rob', 'McCay', '1988/09/12', 'M', '224-725-6056')
    , ('29', 'Dallon', 'Joye', '1988/03/26', 'M', '930-388-1676')
    , ('30', 'Constantine', 'Devo', '1980/12/30', 'M', '530-419-1768')
    , ('31', 'Shani', 'Caveill', '2010/03/16', 'F', '225-983-9600')
    , ('32', 'Kandace', 'Burnell', '1998/12/02', 'F', '986-746-1220')
    , ('33', 'Hy', 'Gerrie', '1990/08/26', 'M', '868-685-2047')
    , ('34', 'Gerri', 'Lukasen', '2006/09/06', 'M', '323-781-1598')
    , ('35', 'Joaquin', 'Fargie', '1984/08/25', 'M', '830-332-6014')
    , ('36', 'Kristien', 'Ditts', '1981/06/16', 'F', '194-962-7077')
    , ('37', 'Zolly', 'Baistow', '1990/03/25', 'M', '283-766-5076')
    , ('38', 'Elysha', 'McGeady', '1993/12/02', 'F', '229-323-7031')
    , ('39', 'Huntlee', 'Escalero', '1976/01/25', 'M', '209-112-0474')
    , ('40', 'Judie', 'Luthwood', '1972/01/21', 'F', '870-479-0792')
    , ('41', 'Micheline', 'Sandhill', '2003/04/28', 'F', '529-462-8508')
    , ('42', 'Walsh', 'Parris', '1983/06/30', 'M', '601-527-7838')
    , ('43', 'Edgard', 'Deeks', '2007/12/16', 'M', '174-490-4289')
    , ('44', 'Mariele', 'Hawksworth', '1984/01/10', 'F', '453-128-7523')
    , ('45', 'Elysia', 'Fish', '1997/05/26', 'F', '829-963-2952')
    , ('46', 'Mickie', 'Dredge', '2003/04/13', 'F', '954-239-7076')
    , ('47', 'Wiatt', 'Pevsner', '1972/06/07', 'M', '996-908-1117')
    , ('48', 'Quintana', 'Callard', '1979/05/07', 'F', '817-560-2549')
    , ('49', 'Ebeneser', 'Abramino', '1991/05/06', 'M', '479-214-8007')
    , ('50', 'Faulkner', 'Abelson', '1992/02/21', 'M', '915-903-3829')
    , ('51', 'Deonne', 'Durnin', '1982/07/22', 'F', '813-404-2381')
    , ('52', 'Mitchael', 'Valance', '2002/10/28', 'M', '494-343-6106')
    , ('53', 'Karee', 'Hadfield', '1997/05/15', 'F', '734-445-4244')
    , ('54', 'Katharine', 'Oosthout de Vree', '1992/11/06', 'F', '357-581-9953')
    , ('55', 'Inna', 'Pepin', '2003/02/12', 'F', '268-309-7234')
    , ('56', 'Kylila', 'Goad', '2002/12/26', 'F', '483-759-9674')
    , ('57', 'Morgen', 'Eldredge', '2010/01/08', 'M', '327-570-2583')
    , ('58', 'Germain', 'Fullom', '1992/08/31', 'F', '919-520-2254')
    , ('59', 'Joel', 'Leishman', '1995/08/25', 'M', '361-570-3168')
    , ('60', 'Arney', 'MacIntyre', '1992/12/22', 'M', '806-445-7524')
    , ('61', 'Broderic', 'Trahair', '1997/10/22', 'M', '863-816-5727')
    , ('62', 'Merwin', 'Klainer', '1985/08/01', 'M', '629-760-8694')
    , ('63', 'Percy', 'Talkington', '2003/06/24', 'M', '837-491-7250')
    , ('64', 'Barn', 'Gill', '1994/02/01', 'M', '570-205-3751')
    , ('65', 'Sigmund', 'Wychard', '1999/04/03', 'M', '903-957-5079')
    , ('66', 'Kennan', 'Keyho', '2007/01/22', 'M', '404-606-8657')
    , ('67', 'Dalt', 'Jeckells', '1984/07/29', 'M', '739-843-4917')
    , ('68', 'Xenos', 'Menci', '1991/08/08', 'M', '806-759-3684')
    , ('69', 'Krystal', 'Cisland', '1993/08/13', 'F', '533-651-2637')
    , ('70', 'Micheline', 'Sullens', '1981/06/06', 'F', '647-595-4801')
    , ('71', 'Clint', 'Markova', '1994/08/19', 'M', '327-209-1299')
    , ('72', 'Matthew', 'Hardson', '1979/03/16', 'M', '935-749-5044')
    , ('73', 'Devinne', 'Olivelli', '1978/05/22', 'F', '563-247-1061')
    , ('74', 'Ermina', 'Jedrzejewicz', '1969/07/19', 'F', '715-413-3992')
    , ('75', 'Marjie', 'Jagoe', '1983/04/11', 'F', '810-259-5567')
    , ('76', 'Demott', 'Oubridge', '2001/04/10', 'M', '411-736-8748')
    , ('77', 'Bernadine', 'Minghella', '2002/04/13', 'F', '208-680-8665')
    , ('78', 'Violetta', 'Tilberry', '1977/07/29', 'F', '564-394-0174')
    , ('79', 'Charlton', 'Mecchi', '1987/10/29', 'M', '549-327-9117')
    , ('80', 'Eleanor', 'Apdell', '1994/09/10', 'F', '129-788-1683')
    , ('81', 'Marshal', 'Juniper', '1975/08/05', 'M', '793-954-5302')
    , ('82', 'Fredric', 'Couronne', '1997/07/23', 'M', '201-420-1253')
    , ('83', 'Dena', 'Albasini', '2008/07/13', 'F', '995-393-7321')
    , ('84', 'Filip', 'Gavriel', '1994/02/21', 'M', '598-994-4207')
    , ('85', 'Marsiella', 'Lumsdale', '1996/06/07', 'F', '111-918-6316')
    , ('86', 'Ramona', 'Lidgey', '2000/05/29', 'F', '467-981-1661')
    , ('87', 'Janaye', 'Gallard', '1987/11/10', 'F', '923-954-5092')
    , ('88', 'Jermayne', 'Vaulkhard', '1975/08/02', 'M', '227-761-5402')
    , ('89', 'Laural', 'Jelley', '1970/05/04', 'F', '331-978-4095')
    , ('90', 'Harmon', 'Dossett', '1981/03/01', 'M', '187-969-8833')
    , ('91', 'Harmonie', 'Clipston', '1988/03/02', 'F', '374-678-9708')
    , ('92', 'Rebe', 'Hillborne', '1970/08/06', 'F', '330-332-8892')
    , ('93', 'Gwenette', 'Meadley', '1999/09/12', 'F', '728-761-5619')
    , ('94', 'Arni', 'Russell', '1977/01/01', 'M', '587-740-1385')
    , ('95', 'Milli', 'Antoszczyk', '1996/03/10', 'F', '323-861-2219')
    , ('96', 'Herby', 'Kirman', '1988/12/08', 'M', '640-199-3083')
    , ('97', 'Marla', 'Delafoy', '1991/05/14', 'F', '600-629-5610')
    , ('98', 'Kaylyn', 'Joutapaitis', '1977/05/13', 'F', '834-880-7072')
    , ('99', 'Lissie', 'Shier', '2004/03/21', 'F', '961-152-6533')
    , ('100', 'Annetta', 'Pendleton', '1997/01/17', 'F', '767-821-9575')
    , ('101', 'Patrizia', 'Joint', '1976/03/25', 'F', '841-587-0089')
    , ('102', 'Benton', 'Delacroux', '1992/06/04', 'M', '133-799-5112')
    , ('103', 'Ellis', 'Drillot', '1992/12/25', 'M', '687-920-5270')
    , ('104', 'Reeva', 'Worsham', '1978/06/21', 'F', '960-895-2623')
    , ('105', 'Bendite', 'Fayerbrother', '1992/02/29', 'F', '536-861-2370')
    , ('106', 'Enrico', 'Hazell', '1992/08/26', 'M', '312-285-9877')
    , ('107', 'Lucias', 'Rosoni', '2002/02/02', 'M', '799-362-4386')
    , ('108', 'Rogerio', 'Meriott', '1993/07/06', 'M', '620-247-0917')
    , ('109', 'Barde', 'Bennough', '1996/04/05', 'M', '965-898-5085')
    , ('110', 'Charmine', 'Rhead', '2006/08/20', 'F', '538-684-3052')
    , ('111', 'Catlaina', 'Farmloe', '1994/05/15', 'F', '164-966-1375')
    , ('112', 'Storm', 'Bozworth', '1974/03/30', 'F', '474-642-5535')
    , ('113', 'Charla', 'Pardal', '2000/12/04', 'F', '376-234-1110')
    , ('114', 'Federica', 'Andreazzi', '1995/10/21', 'F', '644-877-5448')
    , ('115', 'Silva', 'Grisewood', '2000/02/12', 'F', '930-413-2524')
    , ('116', 'Bogart', 'Toffoletto', '1978/05/01', 'M', '309-594-0521')
    , ('117', 'Stefanie', 'Philson', '1994/07/20', 'F', '211-540-0370')
    , ('118', 'Pincus', 'Lodwig', '1991/10/20', 'M', '491-683-1469')
    , ('119', 'Stevena', 'Ardley', '1992/04/15', 'F', '371-104-4901')
    , ('120', 'Natalina', 'Mapledorum', '2007/02/16', 'F', '981-745-0692')
    , ('121', 'Vi', 'Silk', '1981/07/12', 'F', '385-476-3977')
    , ('122', 'Stillman', 'Goodlett', '1972/12/14', 'M', '982-356-9299')
    , ('123', 'Donavon', 'Fero', '2006/07/02', 'M', '312-675-3176')
    , ('124', 'Jenica', 'McAlinion', '1998/11/15', 'F', '492-859-3082')
    , ('125', 'Leona', 'Neame', '1987/01/12', 'F', '901-596-2551')
    , ('126', 'Sheila', 'Ilchenko', '1983/04/07', 'F', '164-172-1102')
    , ('127', 'Schuyler', 'Domnin', '1995/08/02', 'M', '936-913-9332')
    , ('128', 'Dolli', 'Caygill', '1972/08/31', 'F', '366-468-8005')
    , ('129', 'Karim', 'Zincke', '1974/12/07', 'M', '884-552-7492')
    , ('130', 'Austin', 'Rearie', '1978/05/02', 'F', '932-578-1940')
    , ('131', 'Biron', 'Petken', '1979/10/31', 'M', '447-895-7480')
    , ('132', 'Elijah', 'MacCourt', '2008/05/20', 'M', '807-414-2491')
    , ('133', 'Charita', 'Husbands', '2005/11/14', 'F', '596-692-7740')
    , ('134', 'Toma', 'Coller', '1984/12/09', 'F', '185-596-0014')
    , ('135', 'Lewie', 'Easterfield', '2004/02/05', 'M', '519-140-8718')
    , ('136', 'Pauly', 'Sworne', '1999/09/19', 'F', '514-505-5073')
    , ('137', 'Viva', 'Landre', '1986/03/30', 'F', '366-262-2852')
    , ('138', 'Aluin', 'Pardi', '1996/05/26', 'M', '324-879-1436')
    , ('139', 'Maury', 'Collyer', '1982/08/20', 'M', '989-312-6593')
    , ('140', 'Giffer', 'Lytton', '1977/11/05', 'M', '593-404-8877')
    , ('141', 'Erica', 'Arrol', '2003/06/08', 'F', '673-474-1132')
    , ('142', 'Evangeline', 'Hannen', '1997/04/12', 'F', '582-228-1880')
    , ('143', 'Keen', 'Ingarfield', '1978/04/04', 'M', '847-817-5681')
    , ('144', 'Delia', 'Chipps', '1999/04/07', 'F', '193-914-1816')
    , ('145', 'Kermie', 'Merchant', '1993/05/22', 'M', '826-897-2825')
    , ('146', 'Michael', 'Hinz', '2005/05/15', 'M', '784-671-0282')
    , ('147', 'Roseanne', 'Gostick', '1985/01/04', 'F', '913-992-0646')
    , ('148', 'Neille', 'Kennsley', '1975/01/25', 'F', '589-477-8485')
    , ('149', 'Mic', 'Teresa', '2005/12/07', 'M', '758-160-9288')
    , ('150', 'Herschel', 'Colwell', '1987/03/04', 'M', '970-805-4555')
    , ('151', 'Estella', 'Brauns', '1998/07/14', 'F', '878-829-5174')
    , ('152', 'Ertha', 'Wyne', '1997/12/26', 'F', '354-952-7030')
    , ('153', 'Jenilee', 'Crewes', '1987/10/25', 'F', '205-424-5638')
    , ('154', 'Shanna', 'Alyokhin', '1982/12/07', 'F', '153-361-0132')
    , ('155', 'Alyss', 'Noteyoung', '1991/10/29', 'F', '720-616-6775')
;
SET IDENTITY_INSERT Customer OFF;


SET IDENTITY_INSERT Address ON;
INSERT INTO Address (ShippingAddressID, ShippingStreet, ShippingCity, ShippingZipCode)
VALUES
    (1, '431 Ronald Regan Road', 'Sherrinford', 61000)
    , (2, '51169 Karstens Point', 'Melrose', 55000)
    , (3, '77473 Eastwood Street', 'Arkdale', 42000)
    , (4, '68 Forest Dale Court', 'Wycaster', 98000)
    , (5, '19158 Sommers Junction', 'Sherrinford', 61000)
    , (6, '43 Coleman Lane', 'Melrose', 55000)
    , (7, '28 Eliot Place', 'Melrose', 55000)
    , (8, '2 Bellgrove Court', 'Arkdale', 42000)
    , (9, '581 Grasskamp Street', 'Cordova', 23000)
    , (10, '55 Utah Hill', 'Arkdale', 42000)
    , (11, '0 Hoard Alley', 'Monerland', 76000)
    , (12, '28 Vera Road', 'Sherrinford', 61000)
    , (13, '53598 Bonner Court', 'Wycaster', 98000)
    , (14, '7921 Bunting Street', 'Melrose', 55000)
    , (15, '978 Maple Wood Pass', 'Melrose', 55000)
    , (16, '556 Hanover Avenue', 'Melrose', 55000)
    , (17, '76723 Grim Plaza', 'Melrose', 55000)
    , (18, '30318 Bay Place', 'Sherrinford', 61000)
    , (19, '47818 Hermina Trail', 'Melrose', 55000)
    , (20, '2 Coleman Lane', 'Arkdale', 42000)
    , (21, '7 Eagan Crossing', 'Melrose', 55000)
    , (22, '875 Hanover Point', 'Melrose', 55000)
    , (23, '063 South Crossing', 'Sherrinford', 61000)
    , (24, '737 Lotheville Lane', 'Sherrinford', 61000)
    , (25, '10 Shelley Parkway', 'Arkdale', 42000)
    , (26, '185 Sauthoff Junction', 'Sherrinford', 61000)
    , (27, '19896 Lerdahl Court', 'Cordova', 23000)
    , (28, '288 La Follette Terrace', 'Cordova', 23000)
    , (29, '5 Debra Court', 'Monerland', 76000)
    , (30, '3 Prentice Place', 'Monerland', 76000)
    , (31, '95492 Burning Wood Crossing', 'Arkdale', 42000)
    , (32, '36 Arizona Park', 'Arkdale', 42000)
    , (33, '8561 Colorado Plaza', 'Wycaster', 98000)
    , (34, '3716 Iowa Center', 'Melrose', 55000)
    , (35, '6967 Mayfield Terrace', 'Arkdale', 42000)
    , (36, '828 Holy Cross Trail', 'Sherrinford', 61000)
    , (37, '83 Canary Pass', 'Melrose', 55000)
    , (38, '019 Leroy Place', 'Wycaster', 98000)
    , (39, '2 Bonner Place', 'Melrose', 55000)
    , (40, '063 Oak Park', 'Wycaster', 98000)
    , (41, '01950 Mcbride Road', 'Arkdale', 42000)
    , (42, '407 Loeprich Crossing', 'Sherrinford', 61000)
    , (43, '45757 Steensland Road', 'Melrose', 55000)
    , (44, '1 Brown Place', 'Monerland', 76000)
    , (45, '34 Drewry Place', 'Sherrinford', 61000)
    , (46, '89 Hintze Crossing', 'Wycaster', 98000)
    , (47, '17225 Green Ridge Road', 'Sherrinford', 61000)
    , (48, '3 Union Lane', 'Cordova', 23000)
    , (49, '87 Duke Junction', 'Arkdale', 42000)
    , (50, '2 Heffernan Court', 'Monerland', 76000)
    , (51, '73 Valley Edge Hill', 'Monerland', 76000)
    , (52, '8 Talmadge Pass', 'Melrose', 55000)
    , (53, '5 Kennedy Drive', 'Cordova', 23000)
    , (54, '19890 Havey Avenue', 'Cordova', 23000)
    , (55, '7 Crescent Oaks Center', 'Monerland', 76000)
    , (56, '94975 Cascade Way', 'Wycaster', 98000)
    , (57, '31676 Colorado Pass', 'Melrose', 55000)
    , (58, '61 Forster Pass', 'Sherrinford', 61000)
    , (59, '29997 Artisan Road', 'Wycaster', 98000)
    , (60, '52 Blaine Junction', 'Melrose', 55000)
    , (61, '556 Judy Parkway', 'Monerland', 76000)
    , (62, '66 Commercial Trail', 'Melrose', 55000)
    , (63, '9 Dottie Drive', 'Wycaster', 98000)
    , (64, '8947 Tennyson Plaza', 'Cordova', 23000)
    , (65, '642 Comanche Court', 'Melrose', 55000)
    , (66, '7292 Lakewood Gardens Point', 'Sherrinford', 61000)
    , (67, '6818 Pearson Trail', 'Wycaster', 98000)
    , (68, '40955 Badeau Way', 'Monerland', 76000)
    , (69, '813 David Pass', 'Monerland', 76000)
    , (70, '9 Springs Court', 'Cordova', 23000)
    , (71, '024 East Parkway', 'Arkdale', 42000)
    , (72, '0528 Larry Court', 'Wycaster', 98000)
    , (73, '9 School Parkway', 'Monerland', 76000)
    , (74, '2575 Larry Park', 'Sherrinford', 61000)
    , (75, '6191 Ronald Regan Plaza', 'Wycaster', 98000)
    , (76, '3 Tomscot Alley', 'Sherrinford', 61000)
    , (77, '8 Ramsey Junction', 'Sherrinford', 61000)
    , (78, '9241 Acker Circle', 'Sherrinford', 61000)
    , (79, '658 Bayside Court', 'Wycaster', 98000)
    , (80, '815 Main Junction', 'Monerland', 76000)
    , (81, '5 Magdeline Street', 'Monerland', 76000)
    , (82, '80560 Golden Leaf Point', 'Monerland', 76000)
    , (83, '743 Welch Park', 'Monerland', 76000)
    , (84, '4127 Golf Course Park', 'Melrose', 55000)
    , (85, '337 Oxford Drive', 'Melrose', 55000)
    , (86, '5324 Autumn Leaf Avenue', 'Melrose', 55000)
    , (87, '46442 Novick Trail', 'Sherrinford', 61000)
    , (88, '3119 Forster Hill', 'Arkdale', 42000)
    , (89, '0 Farragut Drive', 'Cordova', 23000)
    , (90, '4 Buhler Drive', 'Arkdale', 42000)
    , (91, '70 Roxbury Crossing', 'Monerland', 76000)
    , (92, '5477 Eggendart Crossing', 'Melrose', 55000)
    , (93, '6 Becker Pass', 'Monerland', 76000)
    , (94, '7186 Fairfield Road', 'Melrose', 55000)
    , (95, '01555 Caliangt Park', 'Sherrinford', 61000)
    , (96, '3832 Thackeray Parkway', 'Melrose', 55000)
    , (97, '899 Katie Center', 'Monerland', 76000)
    , (98, '667 Scott Trail', 'Sherrinford', 61000)
    , (99, '1 Sheridan Street', 'Wycaster', 98000)
    , (100, '183 Trailsway Terrace', 'Wycaster', 98000)
    , (101, '88865 Green Lane', 'Melrose', 55000)
    , (102, '1017 Leroy Pass', 'Wycaster', 98000)
    , (103, '81626 Mallory Drive', 'Arkdale', 42000)
    , (104, '9945 Spaight Point', 'Cordova', 23000)
    , (105, '35 Alpine Terrace', 'Wycaster', 98000)
    , (106, '30542 Logan Hill', 'Melrose', 55000)
    , (107, '2410 5th Terrace', 'Arkdale', 42000)
    , (108, '5489 Golf Course Center', 'Cordova', 23000)
    , (109, '4437 Corben Center', 'Monerland', 76000)
    , (110, '0947 Loomis Trail', 'Wycaster', 98000)
    , (111, '6 Russell Avenue', 'Sherrinford', 61000)
    , (112, '15480 Ridge Oak Terrace', 'Melrose', 55000)
    , (113, '98339 Heath Lane', 'Arkdale', 42000)
    , (114, '3742 Browning Park', 'Arkdale', 42000)
    , (115, '546 Buell Point', 'Melrose', 55000)
    , (116, '647 Mitchell Park', 'Monerland', 76000)
    , (117, '0052 Johnson Trail', 'Cordova', 23000)
    , (118, '7429 Anzinger Park', 'Monerland', 76000)
    , (119, '96 Autumn Leaf Way', 'Sherrinford', 61000)
    , (120, '766 Tennessee Parkway', 'Monerland', 76000)
    , (121, '923 3rd Terrace', 'Arkdale', 42000)
    , (122, '21865 Melvin Circle', 'Cordova', 23000)
    , (123, '11 Kensington Court', 'Arkdale', 42000)
    , (124, '438 Delladonna Point', 'Cordova', 23000)
    , (125, '9549 Twin Pines Trail', 'Cordova', 23000)
    , (126, '39368 Valley Edge Drive', 'Melrose', 55000)
    , (127, '2488 Dottie Court', 'Cordova', 23000)
    , (128, '3 Fallview Drive', 'Cordova', 23000)
    , (129, '24 Tony Place', 'Cordova', 23000)
    , (130, '35 Killdeer Street', 'Sherrinford', 61000)
    , (131, '9 Hoard Pass', 'Arkdale', 42000)
    , (132, '66272 Anzinger Place', 'Arkdale', 42000)
    , (133, '437 Northridge Crossing', 'Cordova', 23000)
    , (134, '43043 Sheridan Point', 'Melrose', 55000)
    , (135, '4290 Bellgrove Pass', 'Melrose', 55000)
    , (136, '43 Green Avenue', 'Melrose', 55000)
    , (137, '60 Nobel Road', 'Melrose', 55000)
    , (138, '0882 Brown Court', 'Cordova', 23000)
    , (139, '92044 Sunnyside Street', 'Wycaster', 98000)
    , (140, '31 Roxbury Avenue', 'Monerland', 76000)
    , (141, '69292 Cambridge Alley', 'Monerland', 76000)
    , (142, '3 Bowman Trail', 'Monerland', 76000)
    , (143, '873 Springview Hill', 'Melrose', 55000)
    , (144, '91 Huxley Plaza', 'Monerland', 76000)
    , (145, '35 Valley Edge Drive', 'Wycaster', 98000)
    , (146, '73 Birchwood Plaza', 'Sherrinford', 61000)
    , (147, '1375 Derek Court', 'Sherrinford', 61000)
    , (148, '5397 Waywood Center', 'Wycaster', 98000)
    , (149, '19306 Northview Street', 'Monerland', 76000)
    , (150, '3854 Moulton Street', 'Arkdale', 42000)
    , (151, '0235 Jenna Court', 'Arkdale', 42000)
    , (152, '675 Hermina Terrace', 'Cordova', 23000)
    , (153, '52001 Magdeline Alley', 'Arkdale', 42000)
    , (154, '02 Cascade Park', 'Cordova', 23000)
    , (155, '67223 Oakridge Junction', 'Wycaster', 98000)
;
SET IDENTITY_INSERT Address OFF;


INSERT INTO OrderHeader (OrderID, CustomerID, OrderDate, OrderTime, ShippingAddressID, OrderTotal, Orderstatus)
VALUES
    ('202301001', 1, '2023/01/01', '12:21:44', 1, 16, 'Shipped')
    , ('202301002', 2, '2023/01/01', '18:26:36', 2, 18, 'Shipped')
    , ('202301003', 3, '2023/01/01', '18:40:54', 3, 9, 'Shipped')
    , ('202301004', 4, '2023/01/02', '11:56:52', 4, 54, 'Shipped')
    , ('202301005', 5, '2023/01/02', '12:19:43', 5, 6, 'Shipped')
    , ('202301006', 6, '2023/01/02', '12:34:28', 6, 3, 'Shipped')
    , ('202301007', 7, '2023/01/02', '13:31:04', 7, 66, 'Shipped')
    , ('202301008', 8, '2023/01/02', '14:11:08', 8, 27, 'Shipped')
    , ('202301009', 9, '2023/01/02', '14:49:42', 9, 7, 'Shipped')
    , ('202301010', 10, '2023/01/02', '19:46:24', 10, 50, 'Shipped')
    , ('202301011', 11, '2023/01/02', '20:30:03', 11, 10, 'Shipped')
    , ('202301012', 12, '2023/01/02', '21:05:42', 12, 9, 'Cancelled')
    , ('202301013', 13, '2023/01/02', '21:09:46', 13, 34, 'Shipped')
    , ('202301014', 14, '2023/01/02', '21:42:10', 14, 30, 'Shipped')
    , ('202301015', 15, '2023/01/03', '11:16:53', 15, 9, 'Shipped')
    , ('202301016', 16, '2023/01/03', '12:26:56', 16, 55, 'Shipped')
    , ('202301017', 17, '2023/01/03', '12:53:51', 17, 32, 'Shipped')
    , ('202301018', 18, '2023/01/03', '14:04:55', 18, 21, 'Shipped')
    , ('202301019', 19, '2023/01/03', '19:42:23', 19, 27, 'Shipped')
    , ('202301020', 20, '2023/01/03', '20:29:30', 20, 113, 'Shipped')
    , ('202301021', 21, '2023/01/03', '20:31:37', 21, 26, 'Shipped')
    , ('202301022', 22, '2023/01/03', '20:32:56', 22, 24, 'Shipped')
    , ('202301023', 23, '2023/01/03', '21:07:56', 23, 40, 'Shipped')
    , ('202301024', 24, '2023/01/03', '21:14:44', 24, 12, 'Shipped')
    , ('202301025', 25, '2023/01/03', '21:50:30', 25, 51, 'Shipped')
    , ('202301026', 26, '2023/01/04', '12:42:13', 26, 16, 'Shipped')
    , ('202301027', 27, '2023/01/04', '12:53:43', 27, 76, 'Shipped')
    , ('202301028', 28, '2023/01/04', '13:57:54', 28, 68, 'Shipped')
    , ('202301029', 29, '2023/01/04', '14:13:19', 29, 15, 'Shipped')
    , ('202301030', 30, '2023/01/04', '14:58:06', 30, 96, 'Shipped')
    , ('202301031', 31, '2023/01/04', '18:16:48', 31, 248, 'Shipped')
    , ('202301032', 13, '2023/01/04', '20:05:09', 13, 79, 'Shipped')
    , ('202301033', 4, '2023/01/04', '20:30:34', 4, 41, 'Shipped')
    , ('202301034', 32, '2023/01/04', '21:23:55', 32, 72, 'Shipped')
    , ('202301035', 3, '2023/01/04', '21:56:48', 3, 29, 'Shipped')
    , ('202301036', 26, '2023/01/05', '13:00:59', 26, 75, 'Shipped')
    , ('202301037', 33, '2023/01/05', '13:51:00', 33, 75, 'Shipped')
    , ('202301038', 2, '2023/01/05', '13:55:41', 2, 35, 'Shipped')
    , ('202301039', 23, '2023/01/05', '14:24:12', 23, 72, 'Shipped')
    , ('202301040', 34, '2023/01/05', '18:12:56', 34, 38, 'Shipped')
    , ('202301041', 10, '2023/01/05', '18:16:27', 10, 168, 'Shipped')
    , ('202301042', 35, '2023/01/05', '18:59:36', 35, 76, 'Shipped')
    , ('202301043', 19, '2023/01/05', '19:24:31', 19, 51, 'Cancelled')
    , ('202301044', 21, '2023/01/05', '19:39:56', 21, 76, 'Shipped')
    , ('202301045', 36, '2023/01/05', '20:37:18', 36, 188, 'Shipped')
    , ('202301046', 15, '2023/01/05', '21:07:56', 15, 76, 'Shipped')
    , ('202301047', 27, '2023/01/05', '21:20:16', 27, 51, 'Shipped')
    , ('202301048', 37, '2023/01/05', '21:51:25', 37, 24, 'Shipped')
    , ('202301049', 24, '2023/01/06', '12:16:36', 24, 212, 'Shipped')
    , ('202301050', 17, '2023/01/06', '13:08:20', 17, 17, 'Shipped')
    , ('202301051', 38, '2023/01/06', '13:12:04', 38, 83, 'Shipped')
    , ('202301052', 39, '2023/01/06', '13:34:22', 39, 93, 'Shipped')
    , ('202301053', 27, '2023/01/06', '13:38:34', 27, 46, 'Shipped')
    , ('202301054', 37, '2023/01/06', '14:25:44', 37, 60, 'Cancelled')
    , ('202301055', 40, '2023/01/06', '14:31:28', 40, 68, 'Shipped')
    , ('202301056', 35, '2023/01/06', '18:51:54', 35, 61, 'Shipped')
    , ('202301057', 3, '2023/01/06', '19:29:18', 3, 82, 'Shipped')
    , ('202301058', 41, '2023/01/06', '19:47:57', 41, 60, 'Shipped')
    , ('202301059', 30, '2023/01/06', '20:07:49', 30, 60, 'Shipped')
    , ('202301060', 34, '2023/01/06', '21:01:09', 34, 190, 'Shipped')
    , ('202301061', 42, '2023/01/06', '21:07:42', 42, 12, 'Shipped')
    , ('202301062', 38, '2023/01/06', '21:14:03', 38, 148, 'Shipped')
    , ('202301063', 26, '2023/01/06', '21:37:08', 26, 108, 'Shipped')
    , ('202301064', 43, '2023/01/07', '13:13:03', 43, 34, 'Shipped')
    , ('202301065', 1, '2023/01/07', '14:17:50', 1, 57, 'Shipped')
    , ('202301066', 9, '2023/01/07', '19:53:00', 9, 90, 'Shipped')
    , ('202301067', 44, '2023/01/07', '20:12:23', 44, 63, 'Shipped')
    , ('202301068', 20, '2023/01/07', '21:00:59', 20, 13, 'Shipped')
    , ('202301069', 41, '2023/01/07', '21:27:04', 41, 129, 'Shipped')
    , ('202301070', 45, '2023/01/08', '11:13:16', 45, 110, 'Shipped')
    , ('202301071', 14, '2023/01/08', '11:53:44', 14, 72, 'Shipped')
    , ('202301072', 34, '2023/01/08', '12:08:39', 34, 109, 'Shipped')
    , ('202301073', 46, '2023/01/08', '12:53:32', 46, 136, 'Shipped')
    , ('202301074', 40, '2023/01/08', '13:09:46', 40, 15, 'Shipped')
    , ('202301075', 44, '2023/01/08', '13:35:52', 44, 51, 'Shipped')
    , ('202301076', 47, '2023/01/08', '19:07:56', 47, 25, 'Shipped')
    , ('202301077', 16, '2023/01/08', '19:24:36', 16, 30, 'Shipped')
    , ('202301078', 37, '2023/01/08', '19:48:13', 37, 69, 'Shipped')
    , ('202301079', 48, '2023/01/08', '20:27:18', 48, 196, 'Shipped')
    , ('202301080', 48, '2023/01/08', '20:35:29', 48, 30, 'Shipped')
    , ('202301081', 29, '2023/01/08', '20:45:49', 29, 70, 'Shipped')
    , ('202301082', 49, '2023/01/09', '11:43:11', 49, 30, 'Shipped')
    , ('202301083', 3, '2023/01/09', '13:34:08', 3, 105, 'Shipped')
    , ('202301084', 18, '2023/01/09', '14:15:25', 18, 147, 'Shipped')
    , ('202301085', 50, '2023/01/09', '18:11:03', 50, 125, 'Shipped')
    , ('202301086', 11, '2023/01/09', '18:13:05', 11, 30, 'Shipped')
    , ('202301087', 9, '2023/01/09', '18:46:04', 9, 37, 'Shipped')
    , ('202301088', 51, '2023/01/09', '18:51:07', 51, 31, 'Shipped')
    , ('202301089', 5, '2023/01/09', '19:12:17', 5, 39, 'Shipped')
    , ('202301090', 12, '2023/01/09', '19:24:24', 12, 38, 'Shipped')
    , ('202301091', 52, '2023/01/09', '20:30:50', 52, 47, 'Shipped')
    , ('202301092', 52, '2023/01/09', '21:03:50', 52, 83, 'Shipped')
    , ('202301093', 41, '2023/01/10', '11:51:53', 41, 35, 'Shipped')
    , ('202301094', 53, '2023/01/10', '12:11:52', 53, 200, 'Shipped')
    , ('202301095', 21, '2023/01/10', '13:18:10', 21, 77, 'Shipped')
    , ('202301096', 12, '2023/01/10', '13:33:05', 12, 20, 'Shipped')
    , ('202301097', 54, '2023/01/10', '13:57:53', 54, 7, 'Shipped')
    , ('202301098', 36, '2023/01/10', '14:16:33', 36, 18, 'Shipped')
    , ('202301099', 32, '2023/01/10', '19:49:47', 32, 36, 'Shipped')
    , ('202301100', 55, '2023/01/10', '20:46:40', 55, 29, 'Shipped')
    , ('202301101', 51, '2023/01/10', '21:46:14', 51, 6, 'Shipped')
    , ('202301102', 1, '2023/01/11', '11:26:28', 1, 101, 'Shipped')
    , ('202301103', 56, '2023/01/11', '11:53:55', 56, 80, 'Shipped')
    , ('202301104', 5, '2023/01/11', '14:19:37', 5, 30, 'Shipped')
    , ('202301105', 20, '2023/01/11', '14:45:36', 20, 24, 'Shipped')
    , ('202301106', 57, '2023/01/11', '18:16:38', 57, 110, 'Shipped')
    , ('202301107', 37, '2023/01/11', '18:42:47', 37, 77, 'Shipped')
    , ('202301108', 26, '2023/01/11', '19:32:17', 26, 139, 'Shipped')
    , ('202301109', 58, '2023/01/11', '19:38:25', 58, 90, 'Shipped')
    , ('202301110', 6, '2023/01/11', '19:40:20', 6, 54, 'Shipped')
    , ('202301111', 14, '2023/01/11', '19:51:00', 14, 31, 'Shipped')
    , ('202301112', 59, '2023/01/11', '20:15:15', 59, 249, 'Shipped')
    , ('202301113', 26, '2023/01/11', '20:35:30', 26, 7, 'Shipped')
    , ('202301114', 52, '2023/01/11', '21:17:24', 52, 64, 'Shipped')
    , ('202301115', 60, '2023/01/12', '11:59:47', 60, 55, 'Shipped')
    , ('202301116', 56, '2023/01/12', '18:06:36', 56, 24, 'Shipped')
    , ('202301117', 50, '2023/01/12', '18:12:18', 50, 15, 'Shipped')
    , ('202301118', 61, '2023/01/12', '19:06:06', 61, 85, 'Shipped')
    , ('202301119', 22, '2023/01/12', '20:54:43', 22, 16, 'Shipped')
    , ('202301120', 51, '2023/01/12', '21:22:25', 51, 67, 'Shipped')
    , ('202301121', 62, '2023/01/13', '11:59:32', 62, 39, 'Shipped')
    , ('202301122', 52, '2023/01/13', '12:01:01', 52, 116, 'Shipped')
    , ('202301123', 19, '2023/01/13', '13:27:43', 19, 20, 'Shipped')
    , ('202301124', 63, '2023/01/13', '14:09:52', 63, 34, 'Shipped')
    , ('202301125', 22, '2023/01/13', '18:35:25', 22, 87, 'Shipped')
    , ('202301126', 22, '2023/01/13', '19:49:46', 22, 34, 'Shipped')
    , ('202301127', 64, '2023/01/13', '20:22:15', 64, 72, 'Shipped')
    , ('202301128', 2, '2023/01/13', '21:43:03', 2, 66, 'Shipped')
    , ('202301129', 59, '2023/01/13', '21:46:55', 59, 17, 'Shipped')
    , ('202301130', 65, '2023/01/14', '11:09:44', 65, 65, 'Shipped')
    , ('202301131', 56, '2023/01/14', '11:21:06', 56, 69, 'Shipped')
    , ('202301132', 32, '2023/01/14', '11:53:49', 32, 102, 'Shipped')
    , ('202301133', 66, '2023/01/14', '12:56:32', 66, 7, 'Shipped')
    , ('202301134', 5, '2023/01/14', '12:57:52', 5, 132, 'Shipped')
    , ('202301135', 10, '2023/01/14', '13:36:41', 10, 81, 'Shipped')
    , ('202301136', 67, '2023/01/14', '13:42:29', 67, 39, 'Shipped')
    , ('202301137', 44, '2023/01/14', '14:23:55', 44, 150, 'Shipped')
    , ('202301138', 33, '2023/01/14', '18:24:50', 33, 60, 'Shipped')
    , ('202301139', 68, '2023/01/14', '18:36:39', 68, 34, 'Shipped')
    , ('202301140', 13, '2023/01/14', '20:12:49', 13, 146, 'Shipped')
    , ('202301141', 59, '2023/01/14', '20:30:53', 59, 86, 'Shipped')
    , ('202301142', 69, '2023/01/14', '20:36:45', 69, 84, 'Shipped')
    , ('202301143', 48, '2023/01/14', '21:07:38', 48, 35, 'Shipped')
    , ('202301144', 33, '2023/01/14', '21:27:31', 33, 163, 'Shipped')
    , ('202301145', 70, '2023/01/14', '21:29:46', 70, 14, 'Shipped')
    , ('202301146', 51, '2023/01/14', '21:44:49', 51, 17, 'Shipped')
    , ('202301147', 38, '2023/01/15', '11:19:14', 38, 45, 'Shipped')
    , ('202301148', 71, '2023/01/15', '11:38:58', 71, 141, 'Shipped')
    , ('202301149', 23, '2023/01/15', '12:54:23', 23, 32, 'Shipped')
    , ('202301150', 55, '2023/01/15', '13:45:34', 55, 72, 'Shipped')
    , ('202301151', 72, '2023/01/15', '13:59:31', 72, 113, 'Shipped')
    , ('202301152', 53, '2023/01/15', '14:04:59', 53, 28, 'Shipped')
    , ('202301153', 37, '2023/01/15', '14:34:36', 37, 151, 'Shipped')
    , ('202301154', 73, '2023/01/15', '14:54:51', 73, 32, 'Shipped')
    , ('202301155', 68, '2023/01/15', '18:26:21', 68, 144, 'Shipped')
    , ('202301156', 32, '2023/01/15', '19:11:28', 32, 118, 'Shipped')
    , ('202301157', 74, '2023/01/15', '19:56:28', 74, 30, 'Shipped')
    , ('202301158', 34, '2023/01/15', '20:08:07', 34, 43, 'Shipped')
    , ('202301159', 5, '2023/01/15', '20:41:23', 5, 109, 'Shipped')
    , ('202301160', 75, '2023/01/15', '21:02:24', 75, 66, 'Shipped')
    , ('202301161', 62, '2023/01/15', '21:28:31', 62, 68, 'Shipped')
    , ('202301162', 37, '2023/01/15', '21:47:33', 37, 93, 'Shipped')
    , ('202301163', 76, '2023/01/16', '11:19:56', 76, 18, 'Shipped')
    , ('202301164', 33, '2023/01/16', '11:30:59', 33, 93, 'Shipped')
    , ('202301165', 71, '2023/01/16', '12:38:04', 71, 72, 'Shipped')
    , ('202301166', 77, '2023/01/16', '12:49:58', 77, 130, 'Shipped')
    , ('202301167', 73, '2023/01/16', '13:54:12', 73, 36, 'Shipped')
    , ('202301168', 25, '2023/01/16', '13:56:28', 25, 53, 'Shipped')
    , ('202301169', 78, '2023/01/16', '14:03:44', 78, 51, 'Shipped')
    , ('202301170', 36, '2023/01/16', '14:24:09', 36, 115, 'Shipped')
    , ('202301171', 16, '2023/01/16', '14:48:34', 16, 86, 'Shipped')
    , ('202301172', 79, '2023/01/16', '18:41:44', 79, 60, 'Shipped')
    , ('202301173', 15, '2023/01/16', '19:18:16', 15, 72, 'Shipped')
    , ('202301174', 13, '2023/01/16', '19:23:51', 13, 72, 'Shipped')
    , ('202301175', 80, '2023/01/16', '19:57:31', 80, 73, 'Shipped')
    , ('202301176', 73, '2023/01/16', '20:09:49', 73, 57, 'Shipped')
    , ('202301177', 57, '2023/01/16', '20:22:07', 57, 60, 'Shipped')
    , ('202301178', 81, '2023/01/16', '20:44:11', 81, 42, 'Shipped')
    , ('202301179', 35, '2023/01/16', '20:47:00', 35, 47, 'Shipped')
    , ('202301180', 21, '2023/01/16', '21:27:37', 21, 54, 'Shipped')
    , ('202301181', 82, '2023/01/16', '21:56:25', 82, 69, 'Shipped')
    , ('202301182', 54, '2023/01/17', '11:29:01', 54, 86, 'Shipped')
    , ('202301183', 18, '2023/01/17', '12:05:38', 18, 17, 'Shipped')
    , ('202301184', 83, '2023/01/17', '13:58:43', 83, 46, 'Shipped')
    , ('202301185', 78, '2023/01/17', '14:49:21', 78, 66, 'Shipped')
    , ('202301186', 3, '2023/01/17', '18:15:21', 3, 81, 'Shipped')
    , ('202301187', 84, '2023/01/17', '18:21:41', 84, 63, 'Shipped')
    , ('202301188', 31, '2023/01/17', '18:41:11', 31, 6, 'Shipped')
    , ('202301189', 69, '2023/01/17', '19:37:38', 69, 64, 'Shipped')
    , ('202301190', 85, '2023/01/17', '19:59:10', 85, 129, 'Shipped')
    , ('202301191', 8, '2023/01/17', '21:14:00', 8, 121, 'Shipped')
    , ('202301192', 60, '2023/01/17', '21:25:58', 60, 6, 'Cancelled')
    , ('202301193', 86, '2023/01/18', '11:35:39', 86, 58, 'Shipped')
    , ('202301194', 75, '2023/01/18', '11:37:33', 75, 45, 'Shipped')
    , ('202301195', 43, '2023/01/18', '11:55:23', 75, 21, 'Shipped')
    , ('202301196', 87, '2023/01/18', '12:42:45', 87, 49, 'Cancelled')
    , ('202301197', 82, '2023/01/18', '12:50:08', 82, 49, 'Shipped')
    , ('202301198', 69, '2023/01/18', '12:59:41', 69, 228, 'Shipped')
    , ('202301199', 88, '2023/01/18', '14:05:52', 88, 83, 'Shipped')
    , ('202301200', 59, '2023/01/18', '14:29:04', 59, 6, 'Shipped')
    , ('202301201', 44, '2023/01/18', '18:16:36', 44, 152, 'Shipped')
    , ('202301202', 89, '2023/01/18', '18:18:13', 89, 47, 'Shipped')
    , ('202301203', 41, '2023/01/18', '19:04:51', 41, 72, 'Shipped')
    , ('202301204', 29, '2023/01/18', '19:37:39', 29, 60, 'Shipped')
    , ('202301205', 90, '2023/01/18', '19:41:09', 90, 12, 'Shipped')
    , ('202301206', 68, '2023/01/18', '20:03:52', 68, 56, 'Shipped')
    , ('202301207', 49, '2023/01/18', '21:33:14', 49, 68, 'Shipped')
    , ('202301208', 91, '2023/01/18', '21:39:13', 91, 46, 'Shipped')
    , ('202301209', 55, '2023/01/19', '11:55:19', 55, 17, 'Shipped')
    , ('202301210', 24, '2023/01/19', '11:58:37', 24, 55, 'Shipped')
    , ('202301211', 92, '2023/01/19', '12:00:46', 92, 34, 'Shipped')
    , ('202301212', 4, '2023/01/19', '12:20:18', 4, 39, 'Shipped')
    , ('202301213', 53, '2023/01/19', '12:40:52', 53, 56, 'Shipped')
    , ('202301214', 93, '2023/01/19', '13:19:34', 93, 51, 'Shipped')
    , ('202301215', 28, '2023/01/19', '14:44:16', 28, 41, 'Shipped')
    , ('202301216', 66, '2023/01/19', '14:47:53', 66, 78, 'Shipped')
    , ('202301217', 94, '2023/01/19', '18:15:16', 94, 99, 'Shipped')
    , ('202301218', 60, '2023/01/19', '18:33:40', 60, 12, 'Shipped')
    , ('202301219', 50, '2023/01/19', '19:02:17', 50, 25, 'Shipped')
    , ('202301220', 95, '2023/01/19', '19:46:21', 95, 18, 'Shipped')
    , ('202301221', 17, '2023/01/19', '21:07:06', 17, 30, 'Shipped')
    , ('202301222', 46, '2023/01/19', '21:41:19', 46, 86, 'Cancelled')
    , ('202301223', 96, '2023/01/20', '12:08:33', 96, 78, 'Shipped')
    , ('202301224', 49, '2023/01/20', '13:52:43', 49, 12, 'Shipped')
    , ('202301225', 31, '2023/01/20', '19:10:20', 31, 289, 'Shipped')
    , ('202301226', 97, '2023/01/20', '19:30:12', 97, 94, 'Shipped')
    , ('202301227', 60, '2023/01/20', '19:43:39', 60, 45, 'Shipped')
    , ('202301228', 33, '2023/01/20', '19:59:13', 33, 65, 'Shipped')
    , ('202301229', 98, '2023/01/20', '21:04:03', 98, 24, 'Shipped')
    , ('202301230', 2, '2023/01/20', '21:30:53', 2, 74, 'Shipped')
    , ('202301231', 96, '2023/01/20', '21:56:21', 96, 6, 'Shipped')
    , ('202301232', 99, '2023/01/21', '12:07:44', 99, 81, 'Shipped')
    , ('202301233', 68, '2023/01/21', '12:14:00', 68, 108, 'Shipped')
    , ('202301234', 44, '2023/01/21', '13:47:43', 44, 28, 'Shipped')
    , ('202301235', 100, '2023/01/21', '14:52:54', 100, 135, 'Shipped')
    , ('202301236', 80, '2023/01/21', '18:27:58', 80, 71, 'Shipped')
    , ('202301237', 7, '2023/01/21', '19:38:15', 7, 75, 'Shipped')
    , ('202301238', 101, '2023/01/21', '21:12:53', 101, 45, 'Shipped')
    , ('202301239', 14, '2023/01/21', '21:19:36', 14, 74, 'Shipped')
    , ('202301240', 101, '2023/01/21', '21:29:11', 101, 60, 'Shipped')
    , ('202301241', 102, '2023/01/22', '11:18:54', 102, 52, 'Shipped')
    , ('202301242', 101, '2023/01/22', '11:26:50', 101, 35, 'Shipped')
    , ('202301243', 66, '2023/01/22', '11:38:04', 66, 106, 'Shipped')
    , ('202301244', 103, '2023/01/22', '12:21:49', 103, 45, 'Shipped')
    , ('202301245', 74, '2023/01/22', '12:23:49', 74, 32, 'Shipped')
    , ('202301246', 67, '2023/01/22', '12:56:44', 67, 63, 'Shipped')
    , ('202301247', 104, '2023/01/22', '13:25:17', 104, 16, 'Shipped')
    , ('202301248', 12, '2023/01/22', '13:40:22', 12, 51, 'Shipped')
    , ('202301249', 25, '2023/01/22', '14:41:15', 25, 97, 'Shipped')
    , ('202301250', 105, '2023/01/22', '18:07:57', 105, 43, 'Shipped')
    , ('202301251', 32, '2023/01/22', '18:14:37', 32, 85, 'Shipped')
    , ('202301252', 44, '2023/01/22', '18:23:09', 44, 7, 'Shipped')
    , ('202301253', 106, '2023/01/22', '19:47:15', 106, 98, 'Shipped')
    , ('202301254', 67, '2023/01/22', '19:53:21', 67, 18, 'Shipped')
    , ('202301255', 45, '2023/01/22', '21:25:10', 45, 118, 'Shipped')
    , ('202301256', 107, '2023/01/22', '21:45:56', 107, 18, 'Shipped')
    , ('202301257', 100, '2023/01/22', '21:54:55', 100, 88, 'Shipped')
    , ('202301258', 79, '2023/01/23', '11:16:48', 79, 107, 'Cancelled')
    , ('202301259', 108, '2023/01/23', '12:12:42', 108, 77, 'Shipped')
    , ('202301260', 40, '2023/01/23', '12:24:16', 40, 57, 'Shipped')
    , ('202301261', 54, '2023/01/23', '12:32:27', 54, 18, 'Shipped')
    , ('202301262', 109, '2023/01/23', '13:13:33', 109, 68, 'Shipped')
    , ('202301263', 110, '2023/01/23', '19:27:52', 110, 51, 'Shipped')
    , ('202301264', 111, '2023/01/24', '11:41:37', 111, 15, 'Shipped')
    , ('202301265', 1, '2023/01/24', '11:54:39', 1, 66, 'Shipped')
    , ('202301266', 26, '2023/01/24', '11:55:10', 26, 35, 'Shipped')
    , ('202301267', 112, '2023/01/24', '11:58:13', 112, 34, 'Shipped')
    , ('202301268', 19, '2023/01/24', '12:02:23', 19, 60, 'Shipped')
    , ('202301269', 59, '2023/01/24', '12:03:04', 59, 56, 'Shipped')
    , ('202301270', 113, '2023/01/24', '12:19:13', 113, 6, 'Shipped')
    , ('202301271', 103, '2023/01/24', '12:26:36', 103, 109, 'Shipped')
    , ('202301272', 13, '2023/01/24', '12:41:49', 13, 20, 'Shipped')
    , ('202301273', 114, '2023/01/24', '14:59:51', 114, 92, 'Shipped')
    , ('202301274', 99, '2023/01/24', '19:07:51', 99, 102, 'Shipped')
    , ('202301275', 39, '2023/01/24', '19:25:24', 39, 9, 'Shipped')
    , ('202301276', 115, '2023/01/24', '19:47:51', 115, 85, 'Shipped')
    , ('202301277', 76, '2023/01/24', '20:06:40', 76, 47, 'Shipped')
    , ('202301278', 116, '2023/01/24', '20:39:47', 116, 168, 'Shipped')
    , ('202301279', 50, '2023/01/24', '20:47:50', 50, 37, 'Shipped')
    , ('202301280', 23, '2023/01/24', '21:02:52', 23, 45, 'Shipped')
    , ('202301281', 117, '2023/01/25', '11:17:00', 117, 81, 'Shipped')
    , ('202301282', 15, '2023/01/25', '11:37:54', 15, 24, 'Shipped')
    , ('202301283', 76, '2023/01/25', '12:03:47', 76, 99, 'Shipped')
    , ('202301284', 118, '2023/01/25', '12:27:44', 118, 24, 'Shipped')
    , ('202301285', 88, '2023/01/25', '12:33:13', 88, 31, 'Shipped')
    , ('202301286', 96, '2023/01/25', '12:49:28', 96, 42, 'Shipped')
    , ('202301287', 119, '2023/01/25', '13:12:49', 119, 194, 'Shipped')
    , ('202301288', 3, '2023/01/25', '14:25:03', 3, 22, 'Shipped')
    , ('202301289', 81, '2023/01/25', '14:49:45', 81, 30, 'Shipped')
    , ('202301290', 120, '2023/01/25', '14:53:16', 120, 35, 'Shipped')
    , ('202301291', 118, '2023/01/25', '18:32:44', 118, 38, 'Shipped')
    , ('202301292', 118, '2023/01/25', '18:36:00', 118, 42, 'Shipped')
    , ('202301293', 121, '2023/01/25', '18:36:06', 121, 94, 'Shipped')
    , ('202301294', 42, '2023/01/25', '19:06:19', 42, 68, 'Shipped')
    , ('202301295', 102, '2023/01/25', '19:33:37', 102, 30, 'Shipped')
    , ('202301296', 122, '2023/01/25', '19:57:43', 122, 75, 'Shipped')
    , ('202301297', 116, '2023/01/25', '21:25:23', 116, 36, 'Shipped')
    , ('202301298', 24, '2023/01/26', '11:17:49', 24, 14, 'Shipped')
    , ('202301299', 123, '2023/01/26', '11:21:09', 123, 153, 'Shipped')
    , ('202301300', 103, '2023/01/26', '11:53:39', 103, 3, 'Shipped')
    , ('202301301', 66, '2023/01/26', '12:07:05', 66, 49, 'Shipped')
    , ('202301302', 124, '2023/01/26', '12:10:48', 124, 94, 'Shipped')
    , ('202301303', 97, '2023/01/26', '12:44:04', 97, 115, 'Shipped')
    , ('202301304', 5, '2023/01/26', '13:15:03', 5, 30, 'Shipped')
    , ('202301305', 125, '2023/01/26', '13:26:11', 125, 138, 'Shipped')
    , ('202301306', 45, '2023/01/26', '13:41:57', 45, 24, 'Shipped')
    , ('202301307', 28, '2023/01/26', '18:09:55', 28, 20, 'Shipped')
    , ('202301308', 126, '2023/01/26', '18:59:38', 126, 82, 'Shipped')
    , ('202301309', 126, '2023/01/27', '11:08:04', 126, 54, 'Shipped')
    , ('202301310', 56, '2023/01/27', '11:19:01', 56, 70, 'Shipped')
    , ('202301311', 127, '2023/01/27', '11:25:53', 127, 103, 'Shipped')
    , ('202301312', 75, '2023/01/27', '11:26:20', 75, 12, 'Shipped')
    , ('202301313', 70, '2023/01/27', '11:49:08', 70, 117, 'Shipped')
    , ('202301314', 128, '2023/01/27', '11:53:47', 128, 19, 'Shipped')
    , ('202301315', 67, '2023/01/27', '11:58:41', 67, 72, 'Shipped')
    , ('202301316', 21, '2023/01/27', '12:03:50', 21, 128, 'Shipped')
    , ('202301317', 129, '2023/01/27', '12:27:40', 129, 142, 'Shipped')
    , ('202301318', 115, '2023/01/27', '12:46:23', 115, 24, 'Shipped')
    , ('202301319', 64, '2023/01/27', '12:48:19', 64, 32, 'Shipped')
    , ('202301320', 130, '2023/01/27', '12:55:32', 130, 60, 'Shipped')
    , ('202301321', 48, '2023/01/27', '14:34:02', 48, 18, 'Shipped')
    , ('202301322', 62, '2023/01/27', '18:46:03', 62, 84, 'Shipped')
    , ('202301323', 131, '2023/01/27', '19:04:27', 131, 38, 'Shipped')
    , ('202301324', 51, '2023/01/27', '19:06:43', 51, 72, 'Shipped')
    , ('202301325', 42, '2023/01/27', '19:11:07', 42, 126, 'Shipped')
    , ('202301326', 132, '2023/01/27', '19:39:50', 132, 180, 'Shipped')
    , ('202301327', 13, '2023/01/27', '20:03:39', 13, 30, 'Shipped')
    , ('202301328', 125, '2023/01/27', '20:15:19', 125, 6, 'Shipped')
    , ('202301329', 133, '2023/01/27', '20:17:09', 133, 63, 'Shipped')
    , ('202301330', 57, '2023/01/27', '21:13:12', 57, 37, 'Shipped')
    , ('202301331', 62, '2023/01/27', '21:32:00', 62, 18, 'Shipped')
    , ('202301332', 134, '2023/01/27', '21:42:50', 134, 78, 'Shipped')
    , ('202301333', 132, '2023/01/27', '21:44:51', 132, 34, 'Shipped')
    , ('202301334', 96, '2023/01/28', '11:02:58', 96, 18, 'Shipped')
    , ('202301335', 135, '2023/01/28', '11:42:28', 135, 116, 'Shipped')
    , ('202301336', 80, '2023/01/28', '11:48:19', 80, 88, 'Shipped')
    , ('202301337', 72, '2023/01/28', '11:55:19', 72, 24, 'Shipped')
    , ('202301338', 136, '2023/01/28', '12:08:32', 136, 36, 'Shipped')
    , ('202301339', 43, '2023/01/28', '12:12:02', 43, 51, 'Shipped')
    , ('202301340', 96, '2023/01/28', '12:16:32', 96, 108, 'Shipped')
    , ('202301341', 137, '2023/01/28', '12:26:04', 137, 24, 'Shipped')
    , ('202301342', 27, '2023/01/28', '12:30:21', 27, 6, 'Shipped')
    , ('202301343', 127, '2023/01/28', '12:39:47', 127, 106, 'Shipped')
    , ('202301344', 138, '2023/01/28', '12:47:24', 138, 21, 'Shipped')
    , ('202301345', 30, '2023/01/28', '12:47:39', 30, 52, 'Shipped')
    , ('202301346', 133, '2023/01/28', '12:57:19', 133, 227, 'Shipped')
    , ('202301347', 139, '2023/01/28', '13:23:52', 139, 151, 'Shipped')
    , ('202301348', 70, '2023/01/28', '13:35:29', 70, 30, 'Shipped')
    , ('202301349', 10, '2023/01/28', '14:24:37', 10, 69, 'Shipped')
    , ('202301350', 140, '2023/01/28', '14:39:42', 140, 38, 'Shipped')
    , ('202301351', 18, '2023/01/28', '19:05:15', 18, 7, 'Shipped')
    , ('202301352', 67, '2023/01/28', '20:44:47', 67, 31, 'Shipped')
    , ('202301353', 141, '2023/01/28', '20:49:04', 141, 87, 'Shipped')
    , ('202301354', 89, '2023/01/28', '20:57:57', 89, 6, 'Shipped')
    , ('202301355', 31, '2023/01/29', '11:17:25', 31, 83, 'Shipped')
    , ('202301356', 142, '2023/01/29', '12:33:57', 142, 68, 'Shipped')
    , ('202301357', 9, '2023/01/29', '12:38:21', 9, 13, 'Shipped')
    , ('202301358', 142, '2023/01/29', '14:04:59', 142, 77, 'Shipped')
    , ('202301359', 143, '2023/01/29', '14:20:37', 143, 9, 'Shipped')
    , ('202301360', 70, '2023/01/29', '14:31:46', 70, 75, 'Shipped')
    , ('202301361', 142, '2023/01/29', '14:49:57', 142, 24, 'Shipped')
    , ('202301362', 144, '2023/01/29', '14:54:34', 144, 57, 'Shipped')
    , ('202301363', 67, '2023/01/29', '18:57:38', 67, 60, 'Shipped')
    , ('202301364', 44, '2023/01/29', '19:19:51', 44, 14, 'Shipped')
    , ('202301365', 145, '2023/01/29', '20:09:41', 145, 68, 'Cancelled')
    , ('202301366', 52, '2023/01/29', '21:04:15', 52, 24, 'Shipped')
    , ('202301367', 128, '2023/01/29', '21:33:42', 128, 80, 'Cancelled')
    , ('202301368', 146, '2023/01/30', '11:42:41', 146, 171, 'Shipped')
    , ('202301369', 47, '2023/01/30', '12:15:52', 47, 64, 'Shipped')
    , ('202301370', 116, '2023/01/30', '12:22:43', 116, 9, 'Shipped')
    , ('202301371', 147, '2023/01/30', '12:31:57', 147, 109, 'Shipped')
    , ('202301372', 122, '2023/01/30', '12:37:19', 122, 45, 'Shipped')
    , ('202301373', 62, '2023/01/30', '13:30:37', 62, 43, 'Shipped')
    , ('202301374', 148, '2023/01/30', '14:04:06', 148, 90, 'Shipped')
    , ('202301375', 27, '2023/01/30', '14:05:17', 27, 24, 'Shipped')
    , ('202301376', 77, '2023/01/30', '14:55:39', 77, 19, 'Shipped')
    , ('202301377', 149, '2023/01/30', '18:00:23', 149, 6, 'Shipped')
    , ('202301378', 94, '2023/01/30', '18:20:01', 94, 90, 'Shipped')
    , ('202301379', 129, '2023/01/30', '19:47:51', 129, 24, 'Shipped')
    , ('202301380', 150, '2023/01/30', '19:51:43', 150, 106, 'Shipped')
    , ('202301381', 71, '2023/01/30', '20:00:16', 71, 12, 'Shipped')
    , ('202301382', 118, '2023/01/30', '21:17:53', 118, 117, 'Shipped')
    , ('202301383', 151, '2023/01/30', '21:47:17', 151, 45, 'Shipped')
    , ('202301384', 68, '2023/01/30', '21:52:08', 68, 70, 'Shipped')
    , ('202301385', 13, '2023/01/31', '11:30:48', 13, 64, 'Shipped')
    , ('202301386', 152, '2023/01/31', '11:44:28', 152, 145, 'Cancelled')
    , ('202301387', 152, '2023/01/31', '12:20:46', 152, 35, 'Shipped')
    , ('202301388', 145, '2023/01/31', '12:27:03', 145, 120, 'Shipped')
    , ('202301389', 153, '2023/01/31', '12:29:16', 153, 44, 'Shipped')
    , ('202301390', 74, '2023/01/31', '13:06:11', 74, 56, 'Shipped')
    , ('202301391', 154, '2023/01/31', '14:01:52', 154, 54, 'Shipped')
    , ('202301392', 94, '2023/01/31', '14:02:17', 94, 128, 'Shipped')
    , ('202301393', 2, '2023/01/31', '14:29:35', 2, 32, 'Shipped')
    , ('202301394', 155, '2023/01/31', '18:41:04', 155, 70, 'Shipped')
    , ('202301395', 17, '2023/01/31', '20:22:42', 17, 15, 'Shipped')
;


INSERT INTO OrderDetail (OrderID, MenuItemID, QuantityOrdered, ItemPrice)
VALUES
    ('202301001', 'MI103', 1, 16)
    , ('202301002', 'MI109', 1, 15)
    , ('202301002', 'MI301', 1, 3)
    , ('202301003', 'MI201', 1, 6)
    , ('202301003', 'MI305', 1, 3)
    , ('202301004', 'MI101', 2, 26)
    , ('202301004', 'MI103', 1, 16)
    , ('202301004', 'MI302', 2, 12)
    , ('202301005', 'MI302', 1, 6)
    , ('202301006', 'MI303', 1, 3)
    , ('202301007', 'MI107', 3, 48)
    , ('202301007', 'MI305', 6, 18)
    , ('202301008', 'MI109', 1, 15)
    , ('202301008', 'MI304', 2, 12)
    , ('202301009', 'MI202', 1, 7)
    , ('202301010', 'MI101', 1, 13)
    , ('202301010', 'MI103', 1, 16)
    , ('202301010', 'MI105', 1, 15)
    , ('202301010', 'MI303', 2, 6)
    , ('202301011', 'MI203', 1, 7)
    , ('202301011', 'MI301', 1, 3)
    , ('202301012', 'MI201', 1, 6)
    , ('202301012', 'MI301', 1, 3)
    , ('202301013', 'MI106', 1, 18)
    , ('202301013', 'MI107', 1, 16)
    , ('202301014', 'MI102', 2, 30)
    , ('202301015', 'MI301', 2, 6)
    , ('202301015', 'MI303', 1, 3)
    , ('202301016', 'MI104', 1, 19)
    , ('202301016', 'MI106', 1, 18)
    , ('202301016', 'MI304', 3, 18)
    , ('202301017', 'MI103', 2, 32)
    , ('202301018', 'MI202', 3, 21)
    , ('202301019', 'MI106', 1, 18)
    , ('202301019', 'MI303', 3, 9)
    , ('202301020', 'MI103', 1, 16)
    , ('202301020', 'MI105', 1, 15)
    , ('202301020', 'MI107', 2, 32)
    , ('202301020', 'MI202', 2, 14)
    , ('202301020', 'MI306', 6, 36)
    , ('202301021', 'MI101', 2, 26)
    , ('202301022', 'MI302', 4, 24)
    , ('202301023', 'MI201', 2, 12)
    , ('202301023', 'MI203', 4, 28)
    , ('202301024', 'MI201', 2, 12)
    , ('202301025', 'MI203', 6, 42)
    , ('202301025', 'MI301', 3, 9)
    , ('202301026', 'MI107', 1, 16)
    , ('202301027', 'MI302', 2, 12)
    , ('202301027', 'MI103', 4, 64)
    , ('202301028', 'MI110', 1, 17)
    , ('202301028', 'MI111', 3, 51)
    , ('202301029', 'MI113', 1, 15)
    , ('202301030', 'MI106', 2, 36)
    , ('202301030', 'MI109', 4, 60)
    , ('202301031', 'MI114', 4, 68)
    , ('202301031', 'MI104', 3, 57)
    , ('202301031', 'MI106', 4, 72)
    , ('202301031', 'MI111', 3, 51)
    , ('202301032', 'MI203', 4, 28)
    , ('202301032', 'MI114', 3, 51)
    , ('202301033', 'MI305', 1, 3)
    , ('202301033', 'MI306', 4, 24)
    , ('202301033', 'MI202', 2, 14)
    , ('202301034', 'MI304', 2, 12)
    , ('202301034', 'MI109', 4, 60)
    , ('202301035', 'MI110', 1, 17)
    , ('202301035', 'MI304', 2, 12)
    , ('202301036', 'MI113', 1, 15)
    , ('202301036', 'MI306', 1, 6)
    , ('202301036', 'MI305', 1, 3)
    , ('202301036', 'MI111', 3, 51)
    , ('202301037', 'MI114', 2, 34)
    , ('202301037', 'MI111', 1, 17)
    , ('202301037', 'MI302', 4, 24)
    , ('202301038', 'MI202', 5, 35)
    , ('202301039', 'MI102', 4, 60)
    , ('202301039', 'MI201', 2, 12)
    , ('202301040', 'MI202', 2, 14)
    , ('202301040', 'MI304', 4, 24)
    , ('202301041', 'MI102', 3, 45)
    , ('202301041', 'MI105', 4, 60)
    , ('202301041', 'MI304', 1, 6)
    , ('202301041', 'MI108', 3, 57)
    , ('202301042', 'MI101', 2, 26)
    , ('202301042', 'MI103', 2, 32)
    , ('202301042', 'MI301', 6, 18)
    , ('202301043', 'MI301', 1, 3)
    , ('202301043', 'MI107', 3, 48)
    , ('202301044', 'MI101', 4, 52)
    , ('202301044', 'MI302', 4, 24)
    , ('202301045', 'MI103', 1, 16)
    , ('202301045', 'MI102', 4, 60)
    , ('202301045', 'MI108', 4, 76)
    , ('202301045', 'MI106', 2, 36)
    , ('202301046', 'MI108', 4, 76)
    , ('202301047', 'MI111', 2, 34)
    , ('202301047', 'MI114', 1, 17)
    , ('202301048', 'MI105', 1, 15)
    , ('202301048', 'MI301', 3, 9)
    , ('202301049', 'MI112', 4, 80)
    , ('202301049', 'MI109', 4, 60)
    , ('202301049', 'MI106', 4, 72)
    , ('202301050', 'MI114', 1, 17)
    , ('202301051', 'MI108', 1, 19)
    , ('202301051', 'MI107', 4, 64)
    , ('202301052', 'MI108', 4, 76)
    , ('202301052', 'MI114', 1, 17)
    , ('202301053', 'MI111', 2, 34)
    , ('202301053', 'MI303', 4, 12)
    , ('202301054', 'MI112', 3, 60)
    , ('202301055', 'MI111', 4, 68)
    , ('202301056', 'MI304', 2, 12)
    , ('202301056', 'MI113', 2, 30)
    , ('202301056', 'MI108', 1, 19)
    , ('202301057', 'MI108', 1, 19)
    , ('202301057', 'MI113', 3, 45)
    , ('202301057', 'MI303', 3, 9)
    , ('202301057', 'MI305', 3, 9)
    , ('202301058', 'MI109', 4, 60)
    , ('202301059', 'MI301', 4, 12)
    , ('202301059', 'MI107', 3, 48)
    , ('202301060', 'MI304', 4, 24)
    , ('202301060', 'MI109', 2, 30)
    , ('202301060', 'MI113', 3, 45)
    , ('202301060', 'MI111', 3, 51)
    , ('202301060', 'MI112', 2, 40)
    , ('202301061', 'MI305', 4, 12)
    , ('202301062', 'MI114', 4, 68)
    , ('202301062', 'MI112', 4, 80)
    , ('202301063', 'MI305', 1, 3)
    , ('202301063', 'MI102', 4, 60)
    , ('202301063', 'MI105', 3, 45)
    , ('202301064', 'MI111', 2, 34)
    , ('202301065', 'MI104', 3, 57)
    , ('202301066', 'MI101', 3, 39)
    , ('202301066', 'MI305', 2, 6)
    , ('202301066', 'MI109', 3, 45)
    , ('202301067', 'MI113', 3, 45)
    , ('202301067', 'MI304', 3, 18)
    , ('202301068', 'MI203', 1, 7)
    , ('202301068', 'MI301', 2, 6)
    , ('202301069', 'MI303', 1, 3)
    , ('202301069', 'MI101', 4, 52)
    , ('202301069', 'MI201', 1, 6)
    , ('202301069', 'MI110', 4, 68)
    , ('202301070', 'MI107', 4, 64)
    , ('202301070', 'MI110', 2, 34)
    , ('202301070', 'MI302', 2, 12)
    , ('202301071', 'MI106', 4, 72)
    , ('202301072', 'MI110', 4, 68)
    , ('202301072', 'MI111', 1, 17)
    , ('202301072', 'MI302', 4, 24)
    , ('202301073', 'MI304', 1, 6)
    , ('202301073', 'MI106', 3, 54)
    , ('202301073', 'MI108', 4, 76)
    , ('202301074', 'MI113', 1, 15)
    , ('202301075', 'MI111', 3, 51)
    , ('202301076', 'MI104', 1, 19)
    , ('202301076', 'MI303', 2, 6)
    , ('202301077', 'MI105', 2, 30)
    , ('202301078', 'MI301', 4, 12)
    , ('202301078', 'MI104', 3, 57)
    , ('202301079', 'MI103', 4, 64)
    , ('202301079', 'MI112', 1, 20)
    , ('202301079', 'MI101', 4, 52)
    , ('202301079', 'MI109', 4, 60)
    , ('202301080', 'MI302', 2, 12)
    , ('202301080', 'MI201', 3, 18)
    , ('202301081', 'MI108', 2, 38)
    , ('202301081', 'MI103', 2, 32)
    , ('202301082', 'MI102', 2, 30)
    , ('202301083', 'MI304', 4, 24)
    , ('202301083', 'MI105', 4, 60)
    , ('202301083', 'MI203', 3, 21)
    , ('202301084', 'MI102', 3, 45)
    , ('202301084', 'MI301', 4, 12)
    , ('202301084', 'MI106', 4, 72)
    , ('202301084', 'MI302', 3, 18)
    , ('202301085', 'MI102', 3, 45)
    , ('202301085', 'MI112', 4, 80)
    , ('202301086', 'MI105', 2, 30)
    , ('202301087', 'MI112', 1, 20)
    , ('202301087', 'MI114', 1, 17)
    , ('202301088', 'MI201', 2, 12)
    , ('202301088', 'MI104', 1, 19)
    , ('202301089', 'MI101', 3, 39)
    , ('202301090', 'MI112', 1, 20)
    , ('202301090', 'MI301', 4, 12)
    , ('202301090', 'MI201', 1, 6)
    , ('202301091', 'MI114', 2, 34)
    , ('202301091', 'MI101', 1, 13)
    , ('202301092', 'MI112', 4, 80)
    , ('202301092', 'MI303', 1, 3)
    , ('202301093', 'MI201', 1, 6)
    , ('202301093', 'MI305', 4, 12)
    , ('202301093', 'MI111', 1, 17)
    , ('202301094', 'MI106', 4, 72)
    , ('202301094', 'MI114', 4, 68)
    , ('202301094', 'MI109', 4, 60)
    , ('202301095', 'MI114', 3, 51)
    , ('202301095', 'MI101', 2, 26)
    , ('202301096', 'MI303', 2, 6)
    , ('202301096', 'MI202', 2, 14)
    , ('202301097', 'MI202', 1, 7)
    , ('202301098', 'MI302', 3, 18)
    , ('202301099', 'MI201', 1, 6)
    , ('202301099', 'MI109', 2, 30)
    , ('202301100', 'MI113', 1, 15)
    , ('202301100', 'MI202', 2, 14)
    , ('202301101', 'MI304', 1, 6)
    , ('202301102', 'MI109', 1, 15)
    , ('202301102', 'MI112', 4, 80)
    , ('202301102', 'MI306', 1, 6)
    , ('202301103', 'MI112', 4, 80)
    , ('202301104', 'MI113', 2, 30)
    , ('202301105', 'MI302', 4, 24)
    , ('202301106', 'MI202', 4, 28)
    , ('202301106', 'MI201', 1, 6)
    , ('202301106', 'MI104', 4, 76)
    , ('202301107', 'MI103', 3, 48)
    , ('202301107', 'MI203', 2, 14)
    , ('202301107', 'MI305', 5, 15)
    , ('202301108', 'MI107', 4, 64)
    , ('202301108', 'MI108', 3, 57)
    , ('202301108', 'MI306', 3, 18)
    , ('202301109', 'MI303', 2, 6)
    , ('202301109', 'MI304', 4, 24)
    , ('202301109', 'MI105', 4, 60)
    , ('202301110', 'MI106', 3, 54)
    , ('202301111', 'MI101', 1, 13)
    , ('202301111', 'MI201', 3, 18)
    , ('202301112', 'MI102', 3, 45)
    , ('202301112', 'MI203', 4, 28)
    , ('202301112', 'MI110', 4, 68)
    , ('202301112', 'MI106', 4, 72)
    , ('202301112', 'MI305', 4, 12)
    , ('202301112', 'MI302', 4, 24)
    , ('202301113', 'MI203', 1, 7)
    , ('202301114', 'MI103', 4, 64)
    , ('202301115', 'MI112', 2, 40)
    , ('202301115', 'MI105', 1, 15)
    , ('202301116', 'MI106', 1, 18)
    , ('202301116', 'MI303', 2, 6)
    , ('202301117', 'MI113', 1, 15)
    , ('202301118', 'MI114', 1, 17)
    , ('202301118', 'MI110', 4, 68)
    , ('202301119', 'MI103', 1, 16)
    , ('202301120', 'MI102', 4, 60)
    , ('202301120', 'MI203', 1, 7)
    , ('202301121', 'MI304', 3, 18)
    , ('202301121', 'MI202', 3, 21)
    , ('202301122', 'MI104', 4, 76)
    , ('202301122', 'MI112', 2, 40)
    , ('202301123', 'MI112', 1, 20)
    , ('202301124', 'MI202', 2, 14)
    , ('202301124', 'MI112', 1, 20)
    , ('202301125', 'MI105', 2, 30)
    , ('202301125', 'MI109', 3, 45)
    , ('202301125', 'MI305', 4, 12)
    , ('202301126', 'MI110', 2, 34)
    , ('202301127', 'MI306', 4, 24)
    , ('202301127', 'MI107', 3, 48)
    , ('202301128', 'MI102', 4, 60)
    , ('202301128', 'MI201', 1, 6)
    , ('202301129', 'MI111', 1, 17)
    , ('202301130', 'MI203', 2, 14)
    , ('202301130', 'MI102', 3, 45)
    , ('202301130', 'MI301', 2, 6)
    , ('202301131', 'MI106', 1, 18)
    , ('202301131', 'MI203', 3, 21)
    , ('202301131', 'MI113', 2, 30)
    , ('202301132', 'MI108', 2, 38)
    , ('202301132', 'MI112', 2, 40)
    , ('202301132', 'MI304', 4, 24)
    , ('202301133', 'MI203', 1, 7)
    , ('202301134', 'MI102', 1, 15)
    , ('202301134', 'MI106', 1, 18)
    , ('202301134', 'MI109', 4, 60)
    , ('202301134', 'MI105', 1, 15)
    , ('202301134', 'MI304', 4, 24)
    , ('202301135', 'MI101', 1, 13)
    , ('202301135', 'MI114', 1, 17)
    , ('202301135', 'MI111', 3, 51)
    , ('202301136', 'MI101', 3, 39)
    , ('202301137', 'MI104', 1, 19)
    , ('202301137', 'MI114', 2, 34)
    , ('202301137', 'MI112', 3, 60)
    , ('202301137', 'MI305', 3, 9)
    , ('202301137', 'MI203', 4, 28)
    , ('202301138', 'MI105', 4, 60)
    , ('202301139', 'MI111', 2, 34)
    , ('202301140', 'MI103', 4, 64)
    , ('202301140', 'MI113', 2, 30)
    , ('202301140', 'MI114', 2, 34)
    , ('202301140', 'MI303', 6, 18)
    , ('202301141', 'MI107', 1, 16)
    , ('202301141', 'MI104', 1, 19)
    , ('202301141', 'MI102', 1, 15)
    , ('202301141', 'MI113', 2, 30)
    , ('202301141', 'MI303', 2, 6)
    , ('202301142', 'MI105', 3, 45)
    , ('202301142', 'MI101', 3, 39)
    , ('202301143', 'MI107', 1, 16)
    , ('202301143', 'MI104', 1, 19)
    , ('202301144', 'MI104', 4, 76)
    , ('202301144', 'MI111', 4, 68)
    , ('202301144', 'MI108', 1, 19)
    , ('202301145', 'MI203', 2, 14)
    , ('202301146', 'MI114', 1, 17)
    , ('202301147', 'MI105', 3, 45)
    , ('202301148', 'MI106', 4, 72)
    , ('202301148', 'MI302', 3, 18)
    , ('202301148', 'MI111', 2, 34)
    , ('202301148', 'MI110', 1, 17)
    , ('202301149', 'MI301', 4, 12)
    , ('202301149', 'MI112', 1, 20)
    , ('202301150', 'MI106', 4, 72)
    , ('202301151', 'MI201', 4, 24)
    , ('202301151', 'MI105', 4, 60)
    , ('202301151', 'MI101', 1, 13)
    , ('202301151', 'MI103', 1, 16)
    , ('202301152', 'MI202', 4, 28)
    , ('202301153', 'MI103', 4, 64)
    , ('202301153', 'MI107', 3, 48)
    , ('202301153', 'MI201', 3, 18)
    , ('202301153', 'MI202', 3, 21)
    , ('202301154', 'MI103', 2, 32)
    , ('202301155', 'MI105', 4, 60)
    , ('202301155', 'MI113', 4, 60)
    , ('202301155', 'MI306', 4, 24)
    , ('202301156', 'MI102', 2, 30)
    , ('202301156', 'MI107', 4, 64)
    , ('202301156', 'MI202', 3, 21)
    , ('202301156', 'MI305', 1, 3)
    , ('202301157', 'MI304', 1, 6)
    , ('202301157', 'MI302', 4, 24)
    , ('202301158', 'MI203', 1, 7)
    , ('202301158', 'MI106', 2, 36)
    , ('202301159', 'MI203', 3, 21)
    , ('202301159', 'MI304', 2, 12)
    , ('202301159', 'MI108', 4, 76)
    , ('202301160', 'MI306', 2, 12)
    , ('202301160', 'MI109', 1, 15)
    , ('202301160', 'MI101', 3, 39)
    , ('202301161', 'MI110', 4, 68)
    , ('202301162', 'MI106', 1, 18)
    , ('202301162', 'MI105', 3, 45)
    , ('202301162', 'MI305', 4, 12)
    , ('202301162', 'MI201', 3, 18)
    , ('202301163', 'MI201', 3, 18)
    , ('202301164', 'MI105', 2, 30)
    , ('202301164', 'MI102', 1, 15)
    , ('202301164', 'MI103', 3, 48)
    , ('202301165', 'MI106', 4, 72)
    , ('202301166', 'MI103', 2, 32)
    , ('202301166', 'MI111', 4, 68)
    , ('202301166', 'MI113', 2, 30)
    , ('202301167', 'MI306', 4, 24)
    , ('202301167', 'MI303', 4, 12)
    , ('202301168', 'MI107', 2, 32)
    , ('202301168', 'MI203', 3, 21)
    , ('202301169', 'MI111', 3, 51)
    , ('202301170', 'MI201', 4, 24)
    , ('202301170', 'MI113', 1, 15)
    , ('202301170', 'MI306', 3, 18)
    , ('202301170', 'MI203', 4, 28)
    , ('202301170', 'MI102', 2, 30)
    , ('202301171', 'MI304', 3, 18)
    , ('202301171', 'MI114', 4, 68)
    , ('202301172', 'MI112', 3, 60)
    , ('202301173', 'MI107', 3, 48)
    , ('202301173', 'MI201', 4, 24)
    , ('202301174', 'MI305', 4, 12)
    , ('202301174', 'MI304', 4, 24)
    , ('202301174', 'MI302', 4, 24)
    , ('202301174', 'MI303', 4, 12)
    , ('202301175', 'MI203', 4, 28)
    , ('202301175', 'MI109', 3, 45)
    , ('202301176', 'MI105', 3, 45)
    , ('202301176', 'MI305', 4, 12)
    , ('202301177', 'MI202', 2, 14)
    , ('202301177', 'MI106', 1, 18)
    , ('202301177', 'MI203', 4, 28)
    , ('202301178', 'MI201', 3, 18)
    , ('202301178', 'MI306', 4, 24)
    , ('202301179', 'MI101', 1, 13)
    , ('202301179', 'MI110', 2, 34)
    , ('202301180', 'MI106', 3, 54)
    , ('202301181', 'MI105', 3, 45)
    , ('202301181', 'MI201', 4, 24)
    , ('202301182', 'MI306', 1, 6)
    , ('202301182', 'MI112', 4, 80)
    , ('202301183', 'MI111', 1, 17)
    , ('202301184', 'MI201', 3, 18)
    , ('202301184', 'MI202', 4, 28)
    , ('202301185', 'MI301', 3, 9)
    , ('202301185', 'MI101', 3, 39)
    , ('202301185', 'MI302', 3, 18)
    , ('202301186', 'MI202', 3, 21)
    , ('202301186', 'MI105', 4, 60)
    , ('202301187', 'MI110', 3, 51)
    , ('202301187', 'MI301', 4, 12)
    , ('202301188', 'MI201', 1, 6)
    , ('202301189', 'MI203', 1, 7)
    , ('202301189', 'MI104', 3, 57)
    , ('202301190', 'MI110', 3, 51)
    , ('202301190', 'MI303', 4, 12)
    , ('202301190', 'MI202', 3, 21)
    , ('202301190', 'MI102', 3, 45)
    , ('202301191', 'MI108', 2, 38)
    , ('202301191', 'MI102', 3, 45)
    , ('202301191', 'MI104', 2, 38)
    , ('202301192', 'MI301', 2, 6)
    , ('202301193', 'MI102', 3, 45)
    , ('202301193', 'MI101', 1, 13)
    , ('202301194', 'MI304', 1, 6)
    , ('202301194', 'MI101', 3, 39)
    , ('202301195', 'MI303', 3, 9)
    , ('202301195', 'MI305', 4, 12)
    , ('202301196', 'MI113', 2, 30)
    , ('202301196', 'MI108', 1, 19)
    , ('202301197', 'MI202', 2, 14)
    , ('202301197', 'MI111', 1, 17)
    , ('202301197', 'MI201', 3, 18)
    , ('202301198', 'MI106', 3, 54)
    , ('202301198', 'MI107', 4, 64)
    , ('202301198', 'MI111', 4, 68)
    , ('202301198', 'MI201', 3, 18)
    , ('202301198', 'MI302', 4, 24)
    , ('202301199', 'MI301', 1, 3)
    , ('202301199', 'MI112', 4, 80)
    , ('202301200', 'MI301', 2, 6)
    , ('202301201', 'MI104', 4, 76)
    , ('202301201', 'MI108', 4, 76)
    , ('202301202', 'MI113', 2, 30)
    , ('202301202', 'MI114', 1, 17)
    , ('202301203', 'MI106', 4, 72)
    , ('202301204', 'MI105', 1, 15)
    , ('202301204', 'MI109', 3, 45)
    , ('202301205', 'MI305', 4, 12)
    , ('202301206', 'MI102', 2, 30)
    , ('202301206', 'MI202', 2, 14)
    , ('202301206', 'MI301', 4, 12)
    , ('202301207', 'MI114', 4, 68)
    , ('202301208', 'MI304', 2, 12)
    , ('202301208', 'MI110', 2, 34)
    , ('202301209', 'MI114', 1, 17)
    , ('202301210', 'MI103', 2, 32)
    , ('202301210', 'MI110', 1, 17)
    , ('202301210', 'MI303', 2, 6)
    , ('202301211', 'MI110', 2, 34)
    , ('202301212', 'MI102', 1, 15)
    , ('202301212', 'MI105', 1, 15)
    , ('202301212', 'MI305', 3, 9)
    , ('202301213', 'MI110', 1, 17)
    , ('202301213', 'MI101', 3, 39)
    , ('202301214', 'MI110', 3, 51)
    , ('202301215', 'MI111', 2, 34)
    , ('202301215', 'MI203', 1, 7)
    , ('202301216', 'MI106', 2, 36)
    , ('202301216', 'MI201', 4, 24)
    , ('202301216', 'MI303', 6, 18)
    , ('202301217', 'MI112', 2, 40)
    , ('202301217', 'MI102', 3, 45)
    , ('202301217', 'MI202', 2, 14)
    , ('202301218', 'MI303', 4, 12)
    , ('202301219', 'MI101', 1, 13)
    , ('202301219', 'MI306', 2, 12)
    , ('202301220', 'MI306', 1, 6)
    , ('202301220', 'MI201', 2, 12)
    , ('202301221', 'MI105', 2, 30)
    , ('202301222', 'MI105', 3, 45)
    , ('202301222', 'MI114', 1, 17)
    , ('202301222', 'MI304', 3, 18)
    , ('202301222', 'MI305', 2, 6)
    , ('202301223', 'MI306', 4, 24)
    , ('202301223', 'MI106', 3, 54)
    , ('202301224', 'MI302', 2, 12)
    , ('202301225', 'MI102', 4, 60)
    , ('202301225', 'MI105', 3, 45)
    , ('202301225', 'MI106', 1, 18)
    , ('202301225', 'MI111', 3, 51)
    , ('202301225', 'MI113', 1, 15)
    , ('202301225', 'MI202', 4, 28)
    , ('202301225', 'MI203', 6, 42)
    , ('202301225', 'MI304', 2, 12)
    , ('202301225', 'MI306', 3, 18)
    , ('202301226', 'MI102', 4, 60)
    , ('202301226', 'MI305', 2, 6)
    , ('202301226', 'MI202', 4, 28)
    , ('202301227', 'MI202', 6, 42)
    , ('202301227', 'MI305', 1, 3)
    , ('202301228', 'MI103', 3, 48)
    , ('202301228', 'MI110', 1, 17)
    , ('202301229', 'MI201', 4, 24)
    , ('202301230', 'MI107', 3, 48)
    , ('202301230', 'MI203', 2, 14)
    , ('202301230', 'MI306', 2, 12)
    , ('202301231', 'MI301', 2, 6)
    , ('202301232', 'MI304', 4, 24)
    , ('202301232', 'MI104', 3, 57)
    , ('202301233', 'MI113', 5, 75)
    , ('202301233', 'MI109', 1, 15)
    , ('202301233', 'MI304', 3, 18)
    , ('202301234', 'MI203', 4, 28)
    , ('202301235', 'MI101', 2, 26)
    , ('202301235', 'MI114', 1, 17)
    , ('202301235', 'MI202', 4, 28)
    , ('202301235', 'MI107', 4, 64)
    , ('202301236', 'MI109', 3, 45)
    , ('202301236', 'MI101', 2, 26)
    , ('202301237', 'MI102', 3, 45)
    , ('202301237', 'MI302', 4, 24)
    , ('202301237', 'MI201', 1, 6)
    , ('202301238', 'MI113', 3, 45)
    , ('202301239', 'MI101', 2, 26)
    , ('202301239', 'MI107', 3, 48)
    , ('202301240', 'MI107', 2, 32)
    , ('202301240', 'MI202', 4, 28)
    , ('202301241', 'MI101', 4, 52)
    , ('202301242', 'MI305', 1, 3)
    , ('202301242', 'MI103', 2, 32)
    , ('202301243', 'MI104', 4, 76)
    , ('202301243', 'MI306', 4, 24)
    , ('202301243', 'MI201', 1, 6)
    , ('202301244', 'MI109', 3, 45)
    , ('202301245', 'MI103', 2, 32)
    , ('202301246', 'MI111', 1, 17)
    , ('202301246', 'MI101', 3, 39)
    , ('202301246', 'MI203', 1, 7)
    , ('202301247', 'MI103', 1, 16)
    , ('202301248', 'MI302', 4, 24)
    , ('202301248', 'MI203', 2, 14)
    , ('202301248', 'MI101', 1, 13)
    , ('202301249', 'MI103', 1, 16)
    , ('202301249', 'MI201', 2, 12)
    , ('202301249', 'MI105', 4, 60)
    , ('202301249', 'MI301', 3, 9)
    , ('202301250', 'MI305', 1, 3)
    , ('202301250', 'MI202', 4, 28)
    , ('202301250', 'MI304', 2, 12)
    , ('202301251', 'MI202', 4, 28)
    , ('202301251', 'MI113', 3, 45)
    , ('202301251', 'MI201', 2, 12)
    , ('202301252', 'MI202', 1, 7)
    , ('202301253', 'MI107', 2, 32)
    , ('202301253', 'MI109', 2, 30)
    , ('202301253', 'MI304', 6, 36)
    , ('202301254', 'MI302', 3, 18)
    , ('202301255', 'MI108', 4, 76)
    , ('202301255', 'MI304', 4, 24)
    , ('202301255', 'MI306', 3, 18)
    , ('202301256', 'MI302', 3, 18)
    , ('202301257', 'MI111', 2, 34)
    , ('202301257', 'MI304', 4, 24)
    , ('202301257', 'MI102', 2, 30)
    , ('202301258', 'MI111', 4, 68)
    , ('202301258', 'MI101', 3, 39)
    , ('202301259', 'MI113', 3, 45)
    , ('202301259', 'MI103', 2, 32)
    , ('202301260', 'MI108', 3, 57)
    , ('202301261', 'MI201', 1, 6)
    , ('202301261', 'MI304', 1, 6)
    , ('202301261', 'MI302', 1, 6)
    , ('202301262', 'MI110', 4, 68)
    , ('202301263', 'MI110', 3, 51)
    , ('202301264', 'MI109', 1, 15)
    , ('202301265', 'MI306', 2, 12)
    , ('202301265', 'MI106', 3, 54)
    , ('202301266', 'MI106', 1, 18)
    , ('202301266', 'MI111', 1, 17)
    , ('202301267', 'MI111', 2, 34)
    , ('202301268', 'MI301', 5, 15)
    , ('202301268', 'MI109', 3, 45)
    , ('202301269', 'MI203', 1, 7)
    , ('202301269', 'MI111', 2, 34)
    , ('202301269', 'MI109', 1, 15)
    , ('202301270', 'MI305', 2, 6)
    , ('202301271', 'MI106', 3, 54)
    , ('202301271', 'MI103', 3, 48)
    , ('202301271', 'MI202', 1, 7)
    , ('202301272', 'MI112', 1, 20)
    , ('202301273', 'MI101', 1, 13)
    , ('202301273', 'MI108', 4, 76)
    , ('202301273', 'MI303', 1, 3)
    , ('202301274', 'MI114', 4, 68)
    , ('202301274', 'MI111', 2, 34)
    , ('202301275', 'MI303', 3, 9)
    , ('202301276', 'MI111', 2, 34)
    , ('202301276', 'MI102', 1, 15)
    , ('202301276', 'MI105', 1, 15)
    , ('202301276', 'MI305', 7, 21)
    , ('202301277', 'MI306', 2, 12)
    , ('202301277', 'MI301', 1, 3)
    , ('202301277', 'MI111', 1, 17)
    , ('202301277', 'MI105', 1, 15)
    , ('202301278', 'MI112', 4, 80)
    , ('202301278', 'MI107', 4, 64)
    , ('202301278', 'MI306', 4, 24)
    , ('202301279', 'MI110', 1, 17)
    , ('202301279', 'MI112', 1, 20)
    , ('202301280', 'MI302', 4, 24)
    , ('202301280', 'MI303', 7, 21)
    , ('202301281', 'MI111', 3, 51)
    , ('202301281', 'MI105', 2, 30)
    , ('202301282', 'MI302', 4, 24)
    , ('202301283', 'MI203', 1, 7)
    , ('202301283', 'MI202', 4, 28)
    , ('202301283', 'MI103', 4, 64)
    , ('202301284', 'MI306', 1, 6)
    , ('202301284', 'MI304', 2, 12)
    , ('202301284', 'MI303', 2, 6)
    , ('202301285', 'MI103', 1, 16)
    , ('202301285', 'MI102', 1, 15)
    , ('202301286', 'MI306', 4, 24)
    , ('202301286', 'MI201', 1, 6)
    , ('202301286', 'MI305', 4, 12)
    , ('202301287', 'MI304', 7, 42)
    , ('202301287', 'MI109', 3, 45)
    , ('202301287', 'MI113', 4, 60)
    , ('202301287', 'MI104', 1, 19)
    , ('202301287', 'MI203', 4, 28)
    , ('202301288', 'MI303', 3, 9)
    , ('202301288', 'MI101', 1, 13)
    , ('202301289', 'MI105', 2, 30)
    , ('202301290', 'MI101', 2, 26)
    , ('202301290', 'MI303', 3, 9)
    , ('202301291', 'MI103', 2, 32)
    , ('202301291', 'MI306', 1, 6)
    , ('202301292', 'MI203', 6, 42)
    , ('202301293', 'MI104', 1, 19)
    , ('202301293', 'MI109', 1, 15)
    , ('202301293', 'MI105', 4, 60)
    , ('202301294', 'MI107', 2, 32)
    , ('202301294', 'MI106', 2, 36)
    , ('202301295', 'MI109', 2, 30)
    , ('202301296', 'MI306', 4, 24)
    , ('202301296', 'MI201', 1, 6)
    , ('202301296', 'MI105', 3, 45)
    , ('202301297', 'MI201', 3, 18)
    , ('202301297', 'MI304', 3, 18)
    , ('202301298', 'MI203', 2, 14)
    , ('202301299', 'MI108', 4, 76)
    , ('202301299', 'MI110', 3, 51)
    , ('202301299', 'MI101', 2, 26)
    , ('202301300', 'MI305', 1, 3)
    , ('202301301', 'MI202', 3, 21)
    , ('202301301', 'MI203', 4, 28)
    , ('202301302', 'MI102', 2, 30)
    , ('202301302', 'MI107', 4, 64)
    , ('202301303', 'MI101', 2, 26)
    , ('202301303', 'MI202', 3, 21)
    , ('202301303', 'MI111', 4, 68)
    , ('202301304', 'MI201', 5, 30)
    , ('202301305', 'MI203', 4, 28)
    , ('202301305', 'MI108', 3, 57)
    , ('202301305', 'MI105', 1, 15)
    , ('202301305', 'MI104', 2, 38)
    , ('202301306', 'MI304', 2, 12)
    , ('202301306', 'MI302', 2, 12)
    , ('202301307', 'MI112', 1, 20)
    , ('202301308', 'MI111', 2, 34)
    , ('202301308', 'MI107', 3, 48)
    , ('202301309', 'MI106', 3, 54)
    , ('202301310', 'MI112', 2, 40)
    , ('202301310', 'MI113', 2, 30)
    , ('202301311', 'MI111', 3, 51)
    , ('202301311', 'MI101', 4, 52)
    , ('202301312', 'MI305', 4, 12)
    , ('202301313', 'MI106', 3, 54)
    , ('202301313', 'MI306', 4, 24)
    , ('202301313', 'MI105', 1, 15)
    , ('202301313', 'MI304', 4, 24)
    , ('202301314', 'MI101', 1, 13)
    , ('202301314', 'MI306', 1, 6)
    , ('202301315', 'MI104', 3, 57)
    , ('202301315', 'MI102', 1, 15)
    , ('202301316', 'MI114', 6, 102)
    , ('202301316', 'MI101', 2, 26)
    , ('202301317', 'MI108', 4, 76)
    , ('202301317', 'MI303', 3, 9)
    , ('202301317', 'MI104', 3, 57)
    , ('202301318', 'MI304', 4, 24)
    , ('202301319', 'MI103', 2, 32)
    , ('202301320', 'MI102', 4, 60)
    , ('202301321', 'MI306', 1, 6)
    , ('202301321', 'MI302', 2, 12)
    , ('202301322', 'MI105', 3, 45)
    , ('202301322', 'MI108', 1, 19)
    , ('202301322', 'MI112', 1, 20)
    , ('202301323', 'MI108', 2, 38)
    , ('202301324', 'MI112', 3, 60)
    , ('202301324', 'MI304', 2, 12)
    , ('202301325', 'MI109', 1, 15)
    , ('202301325', 'MI105', 4, 60)
    , ('202301325', 'MI110', 3, 51)
    , ('202301326', 'MI302', 3, 18)
    , ('202301326', 'MI114', 8, 136)
    , ('202301326', 'MI101', 2, 26)
    , ('202301327', 'MI109', 2, 30)
    , ('202301328', 'MI306', 1, 6)
    , ('202301329', 'MI110', 3, 51)
    , ('202301329', 'MI301', 4, 12)
    , ('202301330', 'MI202', 1, 7)
    , ('202301330', 'MI302', 5, 30)
    , ('202301331', 'MI302', 3, 18)
    , ('202301332', 'MI112', 1, 20)
    , ('202301332', 'MI114', 2, 34)
    , ('202301332', 'MI306', 4, 24)
    , ('202301333', 'MI110', 2, 34)
    , ('202301334', 'MI302', 3, 18)
    , ('202301335', 'MI105', 2, 30)
    , ('202301335', 'MI203', 2, 14)
    , ('202301335', 'MI106', 4, 72)
    , ('202301336', 'MI201', 2, 12)
    , ('202301336', 'MI104', 4, 76)
    , ('202301337', 'MI304', 4, 24)
    , ('202301338', 'MI110', 1, 17)
    , ('202301338', 'MI303', 2, 6)
    , ('202301338', 'MI101', 1, 13)
    , ('202301339', 'MI110', 3, 51)
    , ('202301340', 'MI108', 3, 57)
    , ('202301340', 'MI114', 3, 51)
    , ('202301341', 'MI302', 4, 24)
    , ('202301342', 'MI305', 2, 6)
    , ('202301343', 'MI114', 2, 34)
    , ('202301343', 'MI104', 2, 38)
    , ('202301343', 'MI110', 2, 34)
    , ('202301344', 'MI305', 2, 6)
    , ('202301344', 'MI109', 1, 15)
    , ('202301345', 'MI101', 4, 52)
    , ('202301346', 'MI109', 5, 75)
    , ('202301346', 'MI104', 5, 95)
    , ('202301346', 'MI108', 3, 57)
    , ('202301347', 'MI103', 2, 32)
    , ('202301347', 'MI105', 4, 60)
    , ('202301347', 'MI110', 1, 17)
    , ('202301347', 'MI201', 3, 18)
    , ('202301347', 'MI302', 4, 24)
    , ('202301348', 'MI113', 2, 30)
    , ('202301349', 'MI201', 1, 6)
    , ('202301349', 'MI303', 2, 6)
    , ('202301349', 'MI104', 3, 57)
    , ('202301350', 'MI108', 2, 38)
    , ('202301351', 'MI203', 1, 7)
    , ('202301352', 'MI108', 1, 19)
    , ('202301352', 'MI201', 2, 12)
    , ('202301353', 'MI305', 5, 15)
    , ('202301353', 'MI106', 4, 72)
    , ('202301354', 'MI305', 2, 6)
    , ('202301355', 'MI301', 5, 15)
    , ('202301355', 'MI110', 4, 68)
    , ('202301356', 'MI104', 2, 38)
    , ('202301356', 'MI105', 2, 30)
    , ('202301357', 'MI101', 1, 13)
    , ('202301358', 'MI110', 4, 68)
    , ('202301358', 'MI305', 3, 9)
    , ('202301359', 'MI303', 3, 9)
    , ('202301360', 'MI304', 4, 24)
    , ('202301360', 'MI110', 3, 51)
    , ('202301361', 'MI306', 4, 24)
    , ('202301362', 'MI104', 3, 57)
    , ('202301363', 'MI114', 3, 51)
    , ('202301363', 'MI301', 3, 9)
    , ('202301364', 'MI202', 2, 14)
    , ('202301365', 'MI114', 4, 68)
    , ('202301366', 'MI306', 3, 18)
    , ('202301366', 'MI201', 1, 6)
    , ('202301367', 'MI112', 4, 80)
    , ('202301368', 'MI104', 2, 38)
    , ('202301368', 'MI101', 5, 65)
    , ('202301368', 'MI110', 4, 68)
    , ('202301369', 'MI112', 2, 40)
    , ('202301369', 'MI201', 4, 24)
    , ('202301370', 'MI303', 3, 9)
    , ('202301371', 'MI114', 2, 34)
    , ('202301371', 'MI106', 4, 72)
    , ('202301371', 'MI303', 1, 3)
    , ('202301372', 'MI102', 3, 45)
    , ('202301373', 'MI301', 3, 9)
    , ('202301373', 'MI111', 2, 34)
    , ('202301374', 'MI102', 3, 45)
    , ('202301374', 'MI109', 3, 45)
    , ('202301375', 'MI306', 4, 24)
    , ('202301376', 'MI306', 2, 12)
    , ('202301376', 'MI203', 1, 7)
    , ('202301377', 'MI306', 1, 6)
    , ('202301378', 'MI102', 3, 45)
    , ('202301378', 'MI113', 3, 45)
    , ('202301379', 'MI306', 4, 24)
    , ('202301380', 'MI110', 2, 34)
    , ('202301380', 'MI301', 4, 12)
    , ('202301380', 'MI113', 4, 60)
    , ('202301381', 'MI305', 4, 12)
    , ('202301382', 'MI102', 7, 105)
    , ('202301382', 'MI301', 4, 12)
    , ('202301383', 'MI203', 3, 21)
    , ('202301383', 'MI304', 2, 12)
    , ('202301383', 'MI303', 4, 12)
    , ('202301384', 'MI104', 3, 57)
    , ('202301384', 'MI203', 1, 7)
    , ('202301384', 'MI302', 1, 6)
    , ('202301385', 'MI107', 4, 64)
    , ('202301386', 'MI108', 4, 76)
    , ('202301386', 'MI303', 3, 9)
    , ('202301386', 'MI113', 1, 15)
    , ('202301386', 'MI105', 2, 30)
    , ('202301386', 'MI109', 1, 15)
    , ('202301387', 'MI103', 2, 32)
    , ('202301387', 'MI303', 1, 3)
    , ('202301388', 'MI102', 4, 60)
    , ('202301388', 'MI109', 4, 60)
    , ('202301389', 'MI103', 2, 32)
    , ('202301389', 'MI201', 2, 12)
    , ('202301390', 'MI302', 6, 36)
    , ('202301390', 'MI203', 2, 14)
    , ('202301390', 'MI201', 1, 6)
    , ('202301391', 'MI106', 3, 54)
    , ('202301392', 'MI102', 4, 60)
    , ('202301392', 'MI110', 4, 68)
    , ('202301393', 'MI103', 2, 32)
    , ('202301394', 'MI201', 4, 24)
    , ('202301394', 'MI103', 1, 16)
    , ('202301394', 'MI105', 2, 30)
    , ('202301395', 'MI105', 1, 15)
;


INSERT INTO Employee (EmployeeID, EmpFirstName, EmpLastName, EmpRole, HireDate, HourlyRate)
VALUES
    ('EM001', 'Monica', 'Geller', 'Head Chef', '2022/12/25', 21.5)
    , ('EM002', 'Rachel', 'Green', 'Head Chef', '2022/12/25', 21.5)
    , ('EM003', 'Janice', 'Goralnik', 'Chef', '2022/12/25', 17.25)
    , ('EM004', 'Phoebe', 'Buffay', 'Chef', '2022/12/26', 17.25)
    , ('EM005', 'Chandler ', 'Bing', 'Delivery rider', '2022/12/27', 14.5)
    , ('EM006', 'Ross', 'Geller', 'Delivery rider', '2022/12/27', 14.5)
    , ('EM007', 'Joey', 'Tribbiani', 'Delivery rider', '2022/12/28', 14.5)
    , ('EM008', 'Richard', 'Burke', 'Delivery rider', '2022/12/30', 14.5)
;


INSERT INTO Shift (ShiftID, DateOfWeek, StartTime, EndTime)
VALUES
    ('SH001', 'Monday', '11:00:00', '15:00:00')
    , ('SH002', 'Monday', '18:00:00', '22:00:00')
    , ('SH003', 'Tuesday', '11:00:00', '15:00:00')
    , ('SH004', 'Tuesday', '18:00:00', '22:00:00')
    , ('SH005', 'Wednesday', '11:00:00', '15:00:00')
    , ('SH006', 'Wednesday', '18:00:00', '22:00:00')
    , ('SH007', 'Thursday', '11:00:00', '15:00:00')
    , ('SH008', 'Thursday', '18:00:00', '22:00:00')
    , ('SH009', 'Friday', '11:00:00', '15:00:00')
    , ('SH010', 'Friday', '18:00:00', '22:00:00')
    , ('SH011', 'Saturday', '11:00:00', '15:00:00')
    , ('SH012', 'Saturday', '18:00:00', '22:00:00')
    , ('SH013', 'Sunday', '11:00:00', '15:00:00')
    , ('SH014', 'Sunday', '18:00:00', '22:00:00')
;


SET IDENTITY_INSERT Rotation ON;
INSERT INTO Rotation (RotationID, Date, ShiftID, EmployeeID)
VALUES
    (1, '2023/01/01', 'SH013', 'EM001')
    , (2, '2023/01/01', 'SH013', 'EM003')
    , (3, '2023/01/01', 'SH013', 'EM005')
    , (4, '2023/01/01', 'SH013', 'EM007')
    , (5, '2023/01/01', 'SH014', 'EM001')
    , (6, '2023/01/01', 'SH014', 'EM003')
    , (7, '2023/01/01', 'SH014', 'EM005')
    , (8, '2023/01/01', 'SH014', 'EM007')
    , (9, '2023/01/02', 'SH001', 'EM002')
    , (10, '2023/01/02', 'SH001', 'EM004')
    , (11, '2023/01/02', 'SH001', 'EM007')
    , (12, '2023/01/02', 'SH001', 'EM008')
    , (13, '2023/01/02', 'SH002', 'EM002')
    , (14, '2023/01/02', 'SH002', 'EM004')
    , (15, '2023/01/02', 'SH002', 'EM007')
    , (16, '2023/01/02', 'SH002', 'EM008')
    , (17, '2023/01/03', 'SH003', 'EM001')
    , (18, '2023/01/03', 'SH003', 'EM003')
    , (19, '2023/01/03', 'SH003', 'EM007')
    , (20, '2023/01/03', 'SH003', 'EM008')
    , (21, '2023/01/03', 'SH004', 'EM001')
    , (22, '2023/01/03', 'SH004', 'EM003')
    , (23, '2023/01/03', 'SH004', 'EM007')
    , (24, '2023/01/03', 'SH004', 'EM008')
    , (25, '2023/01/04', 'SH005', 'EM002')
    , (26, '2023/01/04', 'SH005', 'EM004')
    , (27, '2023/01/04', 'SH005', 'EM006')
    , (28, '2023/01/04', 'SH005', 'EM008')
    , (29, '2023/01/04', 'SH006', 'EM002')
    , (30, '2023/01/04', 'SH006', 'EM004')
    , (31, '2023/01/04', 'SH006', 'EM006')
    , (32, '2023/01/04', 'SH006', 'EM008')
    , (33, '2023/01/05', 'SH007', 'EM001')
    , (34, '2023/01/05', 'SH007', 'EM003')
    , (35, '2023/01/05', 'SH007', 'EM006')
    , (36, '2023/01/05', 'SH007', 'EM005')
    , (37, '2023/01/05', 'SH008', 'EM001')
    , (38, '2023/01/05', 'SH008', 'EM003')
    , (39, '2023/01/05', 'SH008', 'EM006')
    , (40, '2023/01/05', 'SH008', 'EM005')
    , (41, '2023/01/06', 'SH009', 'EM002')
    , (42, '2023/01/06', 'SH009', 'EM003')
    , (43, '2023/01/06', 'SH009', 'EM007')
    , (44, '2023/01/06', 'SH009', 'EM006')
    , (45, '2023/01/06', 'SH010', 'EM002')
    , (46, '2023/01/06', 'SH010', 'EM003')
    , (47, '2023/01/06', 'SH010', 'EM007')
    , (48, '2023/01/06', 'SH010', 'EM006')
    , (49, '2023/01/07', 'SH011', 'EM001')
    , (50, '2023/01/07', 'SH011', 'EM004')
    , (51, '2023/01/07', 'SH011', 'EM008')
    , (52, '2023/01/07', 'SH011', 'EM007')
    , (53, '2023/01/07', 'SH012', 'EM001')
    , (54, '2023/01/07', 'SH012', 'EM004')
    , (55, '2023/01/07', 'SH012', 'EM008')
    , (56, '2023/01/07', 'SH012', 'EM007')
    , (57, '2023/01/08', 'SH013', 'EM002')
    , (58, '2023/01/08', 'SH013', 'EM004')
    , (59, '2023/01/08', 'SH013', 'EM005')
    , (60, '2023/01/08', 'SH013', 'EM008')
    , (61, '2023/01/08', 'SH014', 'EM002')
    , (62, '2023/01/08', 'SH014', 'EM004')
    , (63, '2023/01/08', 'SH014', 'EM005')
    , (64, '2023/01/08', 'SH014', 'EM008')
    , (65, '2023/01/09', 'SH001', 'EM001')
    , (66, '2023/01/09', 'SH001', 'EM004')
    , (67, '2023/01/09', 'SH001', 'EM005')
    , (68, '2023/01/09', 'SH001', 'EM007')
    , (69, '2023/01/09', 'SH002', 'EM001')
    , (70, '2023/01/09', 'SH002', 'EM004')
    , (71, '2023/01/09', 'SH002', 'EM005')
    , (72, '2023/01/09', 'SH002', 'EM007')
    , (73, '2023/01/10', 'SH003', 'EM002')
    , (74, '2023/01/10', 'SH003', 'EM003')
    , (75, '2023/01/10', 'SH003', 'EM006')
    , (76, '2023/01/10', 'SH003', 'EM007')
    , (77, '2023/01/10', 'SH004', 'EM002')
    , (78, '2023/01/10', 'SH004', 'EM003')
    , (79, '2023/01/10', 'SH004', 'EM006')
    , (80, '2023/01/10', 'SH004', 'EM007')
    , (81, '2023/01/11', 'SH005', 'EM002')
    , (82, '2023/01/11', 'SH005', 'EM003')
    , (83, '2023/01/11', 'SH005', 'EM006')
    , (84, '2023/01/11', 'SH005', 'EM005')
    , (85, '2023/01/11', 'SH006', 'EM002')
    , (86, '2023/01/11', 'SH006', 'EM003')
    , (87, '2023/01/11', 'SH006', 'EM006')
    , (88, '2023/01/11', 'SH006', 'EM005')
    , (89, '2023/01/12', 'SH007', 'EM002')
    , (90, '2023/01/12', 'SH007', 'EM004')
    , (91, '2023/01/12', 'SH007', 'EM007')
    , (92, '2023/01/12', 'SH007', 'EM006')
    , (93, '2023/01/12', 'SH008', 'EM002')
    , (94, '2023/01/12', 'SH008', 'EM004')
    , (95, '2023/01/12', 'SH008', 'EM007')
    , (96, '2023/01/12', 'SH008', 'EM006')
    , (97, '2023/01/13', 'SH009', 'EM002')
    , (98, '2023/01/13', 'SH009', 'EM004')
    , (99, '2023/01/13', 'SH009', 'EM007')
    , (100, '2023/01/13', 'SH009', 'EM008')
    , (101, '2023/01/13', 'SH010', 'EM002')
    , (102, '2023/01/13', 'SH010', 'EM004')
    , (103, '2023/01/13', 'SH010', 'EM007')
    , (104, '2023/01/13', 'SH010', 'EM008')
    , (105, '2023/01/14', 'SH011', 'EM001')
    , (106, '2023/01/14', 'SH011', 'EM003')
    , (107, '2023/01/14', 'SH011', 'EM008')
    , (108, '2023/01/14', 'SH011', 'EM006')
    , (109, '2023/01/14', 'SH012', 'EM001')
    , (110, '2023/01/14', 'SH012', 'EM003')
    , (111, '2023/01/14', 'SH012', 'EM008')
    , (112, '2023/01/14', 'SH012', 'EM006')
    , (113, '2023/01/15', 'SH013', 'EM001')
    , (114, '2023/01/15', 'SH013', 'EM004')
    , (115, '2023/01/15', 'SH013', 'EM008')
    , (116, '2023/01/15', 'SH013', 'EM007')
    , (117, '2023/01/15', 'SH014', 'EM001')
    , (118, '2023/01/15', 'SH014', 'EM004')
    , (119, '2023/01/15', 'SH014', 'EM008')
    , (120, '2023/01/15', 'SH014', 'EM007')
    , (121, '2023/01/16', 'SH001', 'EM002')
    , (122, '2023/01/16', 'SH001', 'EM003')
    , (123, '2023/01/16', 'SH001', 'EM008')
    , (124, '2023/01/16', 'SH001', 'EM006')
    , (125, '2023/01/16', 'SH002', 'EM002')
    , (126, '2023/01/16', 'SH002', 'EM003')
    , (127, '2023/01/16', 'SH002', 'EM008')
    , (128, '2023/01/16', 'SH002', 'EM006')
    , (129, '2023/01/17', 'SH003', 'EM001')
    , (130, '2023/01/17', 'SH003', 'EM004')
    , (131, '2023/01/17', 'SH003', 'EM005')
    , (132, '2023/01/17', 'SH003', 'EM008')
    , (133, '2023/01/17', 'SH004', 'EM001')
    , (134, '2023/01/17', 'SH004', 'EM004')
    , (135, '2023/01/17', 'SH004', 'EM005')
    , (136, '2023/01/17', 'SH004', 'EM008')
    , (137, '2023/01/18', 'SH005', 'EM002')
    , (138, '2023/01/18', 'SH005', 'EM004')
    , (139, '2023/01/18', 'SH005', 'EM008')
    , (140, '2023/01/18', 'SH005', 'EM006')
    , (141, '2023/01/18', 'SH006', 'EM002')
    , (142, '2023/01/18', 'SH006', 'EM004')
    , (143, '2023/01/18', 'SH006', 'EM008')
    , (144, '2023/01/18', 'SH006', 'EM006')
    , (145, '2023/01/19', 'SH007', 'EM002')
    , (146, '2023/01/19', 'SH007', 'EM004')
    , (147, '2023/01/19', 'SH007', 'EM006')
    , (148, '2023/01/19', 'SH007', 'EM005')
    , (149, '2023/01/19', 'SH008', 'EM002')
    , (150, '2023/01/19', 'SH008', 'EM004')
    , (151, '2023/01/19', 'SH008', 'EM006')
    , (152, '2023/01/19', 'SH008', 'EM005')
    , (153, '2023/01/20', 'SH009', 'EM002')
    , (154, '2023/01/20', 'SH009', 'EM003')
    , (155, '2023/01/20', 'SH009', 'EM005')
    , (156, '2023/01/20', 'SH009', 'EM008')
    , (157, '2023/01/20', 'SH010', 'EM002')
    , (158, '2023/01/20', 'SH010', 'EM003')
    , (159, '2023/01/20', 'SH010', 'EM005')
    , (160, '2023/01/20', 'SH010', 'EM008')
    , (161, '2023/01/21', 'SH011', 'EM002')
    , (162, '2023/01/21', 'SH011', 'EM004')
    , (163, '2023/01/21', 'SH011', 'EM005')
    , (164, '2023/01/21', 'SH011', 'EM006')
    , (165, '2023/01/21', 'SH012', 'EM002')
    , (166, '2023/01/21', 'SH012', 'EM004')
    , (167, '2023/01/21', 'SH012', 'EM005')
    , (168, '2023/01/21', 'SH012', 'EM006')
    , (169, '2023/01/22', 'SH013', 'EM001')
    , (170, '2023/01/22', 'SH013', 'EM003')
    , (171, '2023/01/22', 'SH013', 'EM007')
    , (172, '2023/01/22', 'SH013', 'EM006')
    , (173, '2023/01/22', 'SH014', 'EM001')
    , (174, '2023/01/22', 'SH014', 'EM003')
    , (175, '2023/01/22', 'SH014', 'EM007')
    , (176, '2023/01/22', 'SH014', 'EM006')
    , (177, '2023/01/23', 'SH001', 'EM001')
    , (178, '2023/01/23', 'SH001', 'EM003')
    , (179, '2023/01/23', 'SH001', 'EM005')
    , (180, '2023/01/23', 'SH001', 'EM006')
    , (181, '2023/01/23', 'SH002', 'EM001')
    , (182, '2023/01/23', 'SH002', 'EM003')
    , (183, '2023/01/23', 'SH002', 'EM005')
    , (184, '2023/01/23', 'SH002', 'EM006')
    , (185, '2023/01/24', 'SH003', 'EM001')
    , (186, '2023/01/24', 'SH003', 'EM004')
    , (187, '2023/01/24', 'SH003', 'EM007')
    , (188, '2023/01/24', 'SH003', 'EM005')
    , (189, '2023/01/24', 'SH004', 'EM001')
    , (190, '2023/01/24', 'SH004', 'EM004')
    , (191, '2023/01/24', 'SH004', 'EM007')
    , (192, '2023/01/24', 'SH004', 'EM005')
    , (193, '2023/01/25', 'SH005', 'EM001')
    , (194, '2023/01/25', 'SH005', 'EM004')
    , (195, '2023/01/25', 'SH005', 'EM008')
    , (196, '2023/01/25', 'SH005', 'EM007')
    , (197, '2023/01/25', 'SH006', 'EM001')
    , (198, '2023/01/25', 'SH006', 'EM004')
    , (199, '2023/01/25', 'SH006', 'EM008')
    , (200, '2023/01/25', 'SH006', 'EM007')
    , (201, '2023/01/26', 'SH007', 'EM002')
    , (202, '2023/01/26', 'SH007', 'EM003')
    , (203, '2023/01/26', 'SH007', 'EM005')
    , (204, '2023/01/26', 'SH007', 'EM008')
    , (205, '2023/01/26', 'SH008', 'EM002')
    , (206, '2023/01/26', 'SH008', 'EM003')
    , (207, '2023/01/26', 'SH008', 'EM005')
    , (208, '2023/01/26', 'SH008', 'EM008')
    , (209, '2023/01/27', 'SH009', 'EM001')
    , (210, '2023/01/27', 'SH009', 'EM004')
    , (211, '2023/01/27', 'SH009', 'EM007')
    , (212, '2023/01/27', 'SH009', 'EM005')
    , (213, '2023/01/27', 'SH010', 'EM001')
    , (214, '2023/01/27', 'SH010', 'EM004')
    , (215, '2023/01/27', 'SH010', 'EM007')
    , (216, '2023/01/27', 'SH010', 'EM005')
    , (217, '2023/01/28', 'SH011', 'EM002')
    , (218, '2023/01/28', 'SH011', 'EM004')
    , (219, '2023/01/28', 'SH011', 'EM005')
    , (220, '2023/01/28', 'SH011', 'EM008')
    , (221, '2023/01/28', 'SH012', 'EM002')
    , (222, '2023/01/28', 'SH012', 'EM004')
    , (223, '2023/01/28', 'SH012', 'EM005')
    , (224, '2023/01/28', 'SH012', 'EM008')
    , (225, '2023/01/29', 'SH013', 'EM001')
    , (226, '2023/01/29', 'SH013', 'EM003')
    , (227, '2023/01/29', 'SH013', 'EM006')
    , (228, '2023/01/29', 'SH013', 'EM007')
    , (229, '2023/01/29', 'SH014', 'EM001')
    , (230, '2023/01/29', 'SH014', 'EM003')
    , (231, '2023/01/29', 'SH014', 'EM006')
    , (232, '2023/01/29', 'SH014', 'EM007')
    , (233, '2023/01/30', 'SH001', 'EM001')
    , (234, '2023/01/30', 'SH001', 'EM004')
    , (235, '2023/01/30', 'SH001', 'EM006')
    , (236, '2023/01/30', 'SH001', 'EM005')
    , (237, '2023/01/30', 'SH002', 'EM001')
    , (238, '2023/01/30', 'SH002', 'EM004')
    , (239, '2023/01/30', 'SH002', 'EM006')
    , (240, '2023/01/30', 'SH002', 'EM005')
    , (241, '2023/01/31', 'SH003', 'EM002')
    , (242, '2023/01/31', 'SH003', 'EM004')
    , (243, '2023/01/31', 'SH003', 'EM007')
    , (244, '2023/01/31', 'SH003', 'EM006')
    , (245, '2023/01/31', 'SH004', 'EM002')
    , (246, '2023/01/31', 'SH004', 'EM004')
    , (247, '2023/01/31', 'SH004', 'EM007')
    , (248, '2023/01/31', 'SH004', 'EM006')
;
SET IDENTITY_INSERT Rotation OFF;
